0,7.8299,1.0752,-2.7817,0.23399,-1.844,-0.19627
0.0033333,7.2577,1.7672,-1.4081,0.28547,-1.7656,0.018616
0.0066667,5.5444,3.9468,0.76851,0.64611,-1.4548,0.04055
0.01,3.7418,6.0297,1.2392,1.0515,-1.168,-0.058197
0.013333,3.3149,6.5602,0.048445,1.2915,-0.95245,-0.061341
0.016667,3.2969,6.4792,-1.0233,1.4893,-0.83803,-0.012782
0.02,2.767,8.0303,0.28837,1.7697,-0.67628,-0.013595
0.023333,1.5174,8.579,2.6002,1.9253,-0.5205,0.032915
0.026667,2.3468,8.0485,2.0776,1.7461,-0.73276,0.18532
0.03,4.6373,6.6492,-1.6049,1.239,-1.1896,0.24358
0.033333,6.3625,3.7253,-2.8738,0.56601,-1.438,0.051243
0.036667,6.6329,1.0262,-0.54849,0.044291,-1.5206,-0.3493
0.04,7.5532,0.040825,0.83917,-0.012987,-1.7227,-0.5061
0.043333,8.8328,1.9887,-0.20683,0.44491,-1.9764,-0.28462
0.046667,7.3811,5.0141,-0.37642,1.0628,-1.9085,0.001296
0.05,4.5998,7.3359,0.68372,1.4845,-1.4634,0.15871
0.053333,3.1617,7.9952,0.54344,1.6733,-1.0815,0.17153
0.056667,3.2986,8.4689,-0.022884,1.7719,-0.94207,0.081907
0.06,3.1517,8.0718,0.31497,1.8397,-0.85872,0.060271
0.063333,1.6597,7.7876,2.0408,1.8306,-0.67995,0.038064
0.066667,2.7553,7.58,2.9649,1.6123,-0.83028,0.13924
0.07,5.1176,5.0685,0.77356,1.1498,-1.2347,0.11732
0.073333,7.5314,3.3568,-2.0528,0.70731,-1.7006,-0.16243
0.076667,8.9767,1.8223,-1.4738,0.40226,-1.9971,-0.40139
0.08,9.1508,2.0829,0.83294,0.37825,-2.1235,-0.29132
0.083333,7.9184,3.5767,2.1137,0.6775,-1.9348,0.019024
0.086667,5.5154,5.765,0.90939,1.2151,-1.4912,0.16374
0.09,3.7268,7.6798,-0.98472,1.635,-1.0783,-0.0096251
0.093333,3.7023,7.143,-1.912,1.5783,-0.93918,-0.1596
0.096667,4.5964,5.6246,0.75149,1.2934,-1.0096,-0.12951
0.1,3.4351,6.2882,2.8191,1.3696,-0.94181,-0.0065582
0.10333,1.5337,7.9612,2.7529,1.7041,-0.74308,0.15249
0.10667,2.3859,8.6556,-0.20769,1.7518,-0.88188,0.34245
0.11,4.4749,5.938,-2.4209,1.2171,-1.2236,0.20192
0.11333,6.3613,2.6379,-0.36163,0.58319,-1.5013,-0.334
0.11667,7.9112,0.81754,1.4358,0.34409,-1.794,-0.79936
0.12,9.5354,2.0954,0.58276,0.47703,-2.0944,-0.53487
0.12333,8.9502,3.6431,-1.7982,0.82246,-1.9762,0.15085
0.12667,5.385,5.2471,-1.2735,1.1539,-1.3204,0.54333
0.13,2.4768,7.5267,1.4899,1.4688,-0.66345,0.31549
0.13333,1.652,7.7769,2.4971,1.5972,-0.49473,-0.12454
0.13667,4.2485,6.9677,1.3899,1.5389,-1.0008,-0.30211
0.14,6.8519,6.3819,0.027781,1.5434,-1.562,-0.12516
0.14333,5.7976,7.5646,1.1259,1.6577,-1.5053,0.061394
0.14667,3.8756,7.388,2.2347,1.5872,-1.1151,0.16092
0.15,3.8878,6.0157,1.0991,1.2316,-1.1043,0.19374
0.15333,5.8584,4.395,-0.85355,0.86752,-1.4258,0.0086755
0.15667,7.0713,2.9083,-1.8431,0.62906,-1.73,-0.25826
0.16,8.1038,2.0238,-0.49804,0.58205,-1.8305,-0.35509
0.16333,7.1809,2.2614,1.2239,0.7031,-1.5712,-0.18616
0.16667,4.7974,3.6529,0.92824,1.0253,-1.1144,0.061557
0.17,2.7688,5.8733,-0.28106,1.3514,-0.8095,0.20367
0.17333,3.1614,7.2822,-0.58345,1.5538,-0.88158,0.19063
0.17667,4.1677,7.5651,0.29261,1.6486,-1.1566,0.074541
0.18,4.5825,7.2535,1.4225,1.6891,-1.3204,-0.12083
0.18333,4.6323,7.7079,1.6898,1.6711,-1.3183,-0.13774
0.18667,4.363,6.7207,0.9431,1.4767,-1.1952,0.019213
0.19,4.193,5.5556,0.12021,1.1845,-1.0988,0.14844
0.19333,4.5547,4.9496,-0.19647,1.0663,-1.0783,0.040707
0.19667,5.5215,4.8598,-0.31848,1.031,-1.212,-0.13387
0.2,6.4867,3.4027,-0.18509,0.81789,-1.4211,-0.095685
0.20333,6.8668,3.1917,-0.14261,0.77539,-1.4845,0.029181
0.20667,5.964,4.6451,0.037362,0.94513,-1.3171,0.0065042
0.21,4.9314,4.6328,-0.32705,0.98456,-1.2131,-0.074846
0.21333,5.6178,4.6338,-1.1648,0.96325,-1.388,-0.15261
0.21667,6.9625,5.2573,-1.1575,1.0609,-1.5833,-0.15363
0.22,5.3046,4.9538,-0.17579,1.1311,-1.4181,-0.05618
0.22333,3.662,6.1555,1.4362,1.2879,-1.0991,0.15779
0.22667,2.7598,7.3046,0.20745,1.4951,-0.85383,0.3056
0.23,2.3596,6.8453,-0.79557,1.4723,-0.74204,0.23037
0.23333,2.8761,5.2133,-0.12745,1.237,-0.83312,-0.063093
0.23667,5.1307,3.7177,0.46598,0.94776,-1.2562,-0.23862
0.24,7.845,3.2603,0.29743,0.80617,-1.6772,-0.24704
0.24333,7.0691,3.3208,-0.043781,0.8235,-1.6673,-0.1266
0.24667,6.7985,4.6287,-0.13205,1.0201,-1.5991,0.032442
0.25,6.6022,5.0853,0.19514,1.0638,-1.5606,0.12487
0.25333,5.7991,5.1613,0.24959,1.0444,-1.4631,0.0073529
0.25667,4.884,6.0409,0.094069,1.1544,-1.2838,-0.20243
0.26,4.3747,6.6945,0.57961,1.2729,-1.1163,-0.2424
0.26333,3.5255,6.173,1.0013,1.2932,-0.93673,0.023299
0.26667,2.6883,6.4487,1.8592,1.4376,-0.82126,0.26414
0.27,2.7337,7.7984,1.0879,1.6942,-0.82776,0.23913
0.27333,3.2373,7.5904,0.72017,1.6477,-0.98692,0.048077
0.27667,5.3726,5.3151,-0.094631,1.2348,-1.402,-0.082707
0.28,7.3442,2.9071,0.41175,0.80296,-1.7374,-0.16135
0.28333,7.6167,2.714,0.44783,0.675,-1.7647,-0.23586
0.28667,7.0539,2.939,-0.49806,0.66965,-1.6681,-0.18304
0.29,6.9055,3.0143,-1.4509,0.63889,-1.6815,-0.0011569
0.29333,6.5684,3.9831,-0.30953,0.77113,-1.6118,0.020606
0.29667,4.6285,5.4431,1.2529,1.0323,-1.3196,-0.12212
0.3,4.1529,6.2663,1.6184,1.2622,-1.1371,-0.097408
0.30333,4.6503,6.1163,-0.0026666,1.3685,-1.0976,0.12664
0.30667,4.0031,7.4699,-0.52531,1.7062,-0.92937,0.14401
0.31,2.4046,8.444,0.18105,1.9204,-0.73163,0.054719
0.31333,2.7792,7.6894,2.6476,1.6397,-0.84872,0.045754
0.31667,4.6261,5.3238,2.3389,1.1065,-1.2066,0.050954
0.32,6.5867,3.6022,-0.6897,0.76894,-1.5108,-0.097876
0.32333,7.0346,3.0302,-2.9265,0.56006,-1.5941,-0.30778
0.32667,6.7367,2.2958,-1.0956,0.40271,-1.5471,-0.2809
0.33,6.4895,2.0454,1.0152,0.49204,-1.5376,-0.095817
0.33333,5.979,3.9694,1.0272,0.88323,-1.5682,0.0047521
0.33667,5.4677,7.0465,0.20725,1.4287,-1.5188,-0.050417
0.34,3.4849,8.0085,0.31808,1.7279,-1.2121,-0.11728
0.34333,2.4749,8.0157,0.23723,1.7562,-0.91035,-0.037691
0.34667,1.5469,8.2824,0.90471,1.7568,-0.61501,0.10746
0.35,1.551,8.1373,0.99305,1.7106,-0.55301,0.19194
0.35333,2.4392,5.6597,1.0816,1.3991,-0.83411,0.20868
0.35667,6.1033,5.1824,0.93911,1.0998,-1.4376,0.056505
0.36,7.7909,3.7689,0.43162,0.75079,-1.7966,-0.20849
0.36333,7.6802,2.3935,-0.15325,0.45212,-1.8369,-0.33618
0.36667,8.5982,2.4291,-0.39223,0.40912,-1.8625,-0.17724
0.37,8.4857,3.3915,-0.27421,0.65576,-1.8395,0.058042
0.37333,6.9811,4.8239,0.61221,1.0912,-1.6231,0.0090397
0.37667,5.3647,6.7986,1.9098,1.4208,-1.3818,-0.09389
0.38,5.5529,7.1743,-0.41825,1.5252,-1.2829,-0.034286
0.38333,4.2628,6.8828,-1.5798,1.4655,-0.99284,0.061537
0.38667,1.8819,7.4339,0.26612,1.5606,-0.5265,0.078098
0.39,0.097729,7.6924,2.5979,1.6084,-0.34553,0.16788
0.39333,2.4557,7.4033,1.0855,1.5304,-0.82362,0.24915
0.39667,5.8076,5.2256,-1.8847,1.2415,-1.5056,0.17237
0.4,8.3574,4.1583,-2.2625,0.94458,-1.9053,-0.19814
0.40333,8.2785,1.8951,-0.11722,0.58922,-1.9263,-0.4062
0.40667,8.2461,1.833,1.0432,0.50488,-1.857,-0.22266
0.41,7.3287,3.6606,-1.3249,0.76976,-1.7555,0.062454
0.41333,5.5125,5.0776,-2.0619,1.0311,-1.4675,0.15178
0.41667,5.0342,5.6006,0.30511,1.0668,-1.1641,0.011571
0.42,4.6802,4.2314,1.7739,0.84945,-1.045,-0.094393
0.42333,5.7699,3.9962,0.7089,0.86343,-1.2148,-0.024432
0.42667,6.0325,5.928,-0.81375,1.3316,-1.3238,0.059887
0.43,4.219,9.5207,0.17059,1.9182,-1.1879,0.054485
0.43333,2.7425,9.0332,2.3374,1.8902,-1.0184,0.088579
0.43667,4.3028,6.5447,1.0995,1.385,-1.2618,0.12426
0.44,7.2575,4.1503,-1.6153,0.83079,-1.5747,-0.0064807
0.44333,7.4198,1.9449,-2.3264,0.46819,-1.6032,-0.23292
0.44667,6.9245,1.7634,-0.64357,0.48273,-1.5254,-0.31364
0.45,6.4416,2.9875,1.6512,0.70578,-1.5048,-0.076549
0.45333,6.3527,4.0436,0.069293,0.9846,-1.5828,0.13063
0.45667,6.1108,5.0941,-2.2742,1.1791,-1.5636,0.060864
0.46,5.4266,5.9675,-1.3253,1.2807,-1.3812,-0.18008
0.46333,3.8202,5.8515,1.6857,1.1821,-1.1542,-0.24915
0.46667,3.8577,5.9738,2.7119,1.2503,-1.0894,-0.050087
0.47,3.7737,7.4258,0.98635,1.593,-1.0619,0.19436
0.47333,3.6147,8.1394,-1.0048,1.7159,-0.98988,0.26328
0.47667,3.6901,6.8351,-0.28716,1.4592,-0.88929,0.09107
0.48,3.9448,5.0346,0.70525,1.1092,-0.959,-0.16321
0.48333,5.4668,4.5336,1.0276,0.91905,-1.2245,-0.27338
0.48667,6.023,4.1107,0.68199,0.92984,-1.4933,-0.17706
0.49,7.4012,5.4713,-0.70573,1.1489,-1.6712,-0.0027967
0.49333,7.0066,4.6103,-0.59198,0.98729,-1.5916,0.1268
0.49667,6.0846,2.3116,0.91191,0.58937,-1.3799,0.056047
0.5,6.2365,2.8876,0.018725,0.6101,-1.3827,-0.18052
0.50333,7.0042,4.958,-1.0805,0.97189,-1.5644,-0.24656
0.50667,6.1865,6.2853,0.11076,1.3255,-1.5438,-0.10815
0.51,4.0381,8.1508,1.5436,1.7504,-1.2575,0.048074
0.51333,3.2941,9.5828,1.0654,2.0234,-1.0399,0.15491
0.51667,4.0121,8.5166,-0.87889,1.8625,-1.1349,0.11729
0.52,6.7156,6.6757,-1.5852,1.5727,-1.5697,0.0002751
0.52333,8.4527,4.9563,-0.75569,1.335,-2.0086,-0.14361
0.52667,9.7565,4.7846,-1.2878,1.4836,-2.3347,-0.39573
0.53,9.3476,8.6626,-1.3233,2.0114,-2.3918,-0.6966
0.53333,10.236,9.5347,-1.6726,2.4353,-2.8235,-0.54859
0.53667,11.96,13.108,-0.11561,2.8781,-3.5609,-0.36256
0.54,13.733,9.9678,2.0535,2.2916,-3.9219,-0.015625
0.54333,14.794,6.0785,0.50653,1.5709,-3.6316,-0.24569
0.54667,8.634,6.5114,-0.36584,1.3197,-1.9852,-0.87847
0.55,0.14665,4.3085,-2.2474,0.80618,-0.092089,-0.61148
0.55333,-0.89208,3.7772,-1.5705,0.42879,0.36601,0.33987
0.55667,1.8998,4.222,0.74296,1.0952,0.0096082,0.83674
0.56,0.35505,11.185,3.0227,2.9205,-0.34987,0.25807
0.56333,2.972,16.475,2.2888,4.0514,-1.3608,-0.34326
0.56667,9.8354,13.007,0.23914,3.3737,-2.6669,0.038864
0.57,13.196,7.0918,-1.6154,1.87,-3.2541,0.38556
0.57333,11.371,2.2753,-0.39917,0.70162,-2.7804,-0.024546
0.57667,9.0571,1.3027,-0.85697,0.14087,-2.0274,-0.7249
0.58,7.5306,0.76035,-1.0509,-0.30345,-1.5339,-0.78063
0.58333,5.7957,-1.9088,-0.58586,-0.84759,-1.2717,-0.10296
0.58667,5.1366,-0.99976,0.56717,-0.67276,-1.0379,0.35672
0.59,2.7821,4.8802,0.58026,0.61597,-0.67537,0.060191
0.59333,2.0525,10.091,-0.13285,2.0598,-0.72404,-0.19128
0.59667,5.7437,11.362,-0.83926,2.9493,-1.5253,0.086152
0.6,8.7229,13.046,2.8877,3.52,-2.0937,0.48134
0.60333,5.5219,13.992,4.1745,3.7436,-1.6306,0.43597
0.60667,2.3041,12.234,3.0818,2.9129,-0.93297,0.25863
0.61,3.1375,5.8537,-1.1667,1.1825,-0.72536,0.15195
0.61333,5.8261,-0.65233,-3.6395,-0.42012,-0.93971,-0.030311
0.61667,7.7206,-3.4573,-2.6145,-1.1216,-1.3899,-0.34906
0.62,9.4433,-3.6027,0.48679,-0.86026,-1.897,-0.43941
0.62333,9.918,1.674,1.293,0.30161,-2.2355,-0.30502
0.62667,7.7468,7.4405,1.2648,1.6083,-2.0483,-0.060583
0.63,4.5279,11.177,0.40693,2.4418,-1.685,0.18109
0.63333,5.0487,12.262,-0.082171,2.6904,-1.5791,0.29144
0.63667,5.1064,10.415,0.3219,2.5609,-1.4433,0.19645
0.64,4.3548,9.242,2.1104,2.3219,-1.0769,0.011344
0.64333,2.2083,7.001,3.0493,1.7017,-0.59596,0.046435
0.64667,3.0842,3.6641,0.90739,0.76537,-0.48797,0.27022
0.65,4.2559,0.95577,-1.9948,0.01153,-0.63712,0.15559
0.65333,5.1907,0.57344,-1.9785,-0.1281,-1.0193,-0.27551
0.65667,7.6745,2.4521,1.1727,0.34053,-1.7281,-0.56921
0.66,10.86,5.0288,1.873,1.0996,-2.6988,-0.26258
0.66333,12.488,7.9536,0.77962,1.8069,-3.1913,0.27136
0.66667,9.3745,9.8606,0.25882,2.2165,-2.6251,0.30931
0.67,5.5421,10.281,0.78026,2.1937,-1.6098,-0.10196
0.67333,3.1794,8.0094,1.3986,1.6621,-0.83123,-0.32352
0.67667,2.5873,4.8376,1.0701,1.1107,-0.48985,-0.18991
0.68,2.2199,4.2983,0.041144,0.99598,-0.40077,0.18245
0.68333,2.1293,5.9707,-0.026046,1.2459,-0.34946,0.40562
0.68667,1.6067,6.5002,0.8071,1.4119,-0.43507,0.39607
0.69,3.7227,6.0586,1.5851,1.4386,-0.9324,0.15456
0.69333,7.4448,6.5121,-0.53531,1.5467,-1.8109,-0.15961
0.69667,11.031,6.5016,-2.1123,1.5829,-2.5834,-0.32843
0.7,11.978,5.5993,-1.5666,1.4205,-2.8549,-0.21728
0.70333,10.024,5.2327,0.50361,1.1624,-2.4368,-0.017771
0.70667,6.4888,5.3778,1.4182,0.90439,-1.5627,0.10625
0.71,3.5404,4.2172,-0.029692,0.55947,-0.85497,0.08468
0.71333,3.5082,3.1165,-1.1333,0.3318,-0.73297,-0.021228
0.71667,4.5665,3.3588,-0.15626,0.50477,-0.88386,-0.19597
0.72,4.6792,4.5786,1.2448,0.99897,-1.0166,-0.23727
0.72333,4.4982,6.8261,2.1331,1.6999,-1.1512,0.0060381
0.72667,4.3167,10.039,1.2433,2.5018,-1.251,0.3224
0.73,4.0765,11.967,0.81541,2.8841,-1.2857,0.45934
0.73333,4.5311,10.248,0.4156,2.5284,-1.3615,0.32538
0.73667,6.0289,7.3642,0.3599,1.7377,-1.5731,0.013144
0.74,7.7265,4.0679,0.74445,0.98811,-1.713,-0.2531
0.74333,7.2616,2.8312,-0.16613,0.58284,-1.569,-0.30281
0.74667,5.8748,3.2137,-0.19249,0.5115,-1.2801,-0.10074
0.75,4.99,4.1484,0.054341,0.71043,-1.1471,0.19957
0.75333,5.4243,5.9073,-0.094233,1.1803,-1.287,0.23322
0.75667,5.5289,8.7452,0.21013,1.7218,-1.5465,-0.019915
0.76,6.5061,9.7686,0.90903,2.0423,-1.7906,-0.17992
0.76333,7.1902,8.5465,0.66596,2.0629,-1.8216,-0.11976
0.76667,5.7391,8.0792,0.42951,1.9946,-1.3816,-0.046552
0.77,3.3567,7.6213,0.46713,1.6879,-0.81861,0.05606
0.77333,2.8715,4.885,0.6552,1.1266,-0.65719,0.14191
0.77667,5.2315,2.8111,-0.42617,0.62605,-1.0671,0.17206
0.78,8.0522,2.7963,-1.611,0.54551,-1.605,-0.012174
0.78333,7.1943,3.8005,-0.20924,0.77293,-1.7383,-0.27686
0.78667,6.924,5.1624,1.604,1.167,-1.7415,-0.25044
0.79,6.7455,7.5281,0.70818,1.6745,-1.8303,0.0027428
0.79333,6.4736,9.9648,-1.3463,2.0768,-1.8212,0.14886
0.79667,5.1962,9.6299,-0.87127,2.063,-1.6129,0.15989
0.8,4.7502,8.0952,1.371,1.669,-1.3633,0.068525
0.80333,4.4456,6.0521,2.4468,1.2002,-1.0374,0.0021925
0.80667,2.5741,4.4884,1.435,0.96884,-0.54889,-0.067233
0.81,1.744,5.1102,-0.097705,1.0948,-0.26824,-0.031455
0.81333,2.3429,5.8434,0.028004,1.2942,-0.41752,0.14932
0.81667,4.0882,6.7016,0.54255,1.557,-0.90837,0.20153
0.82,6.2292,7.3236,1.4378,1.7817,-1.5475,0.11604
0.82333,8.6715,7.9996,0.80178,1.8417,-2.0987,0.038605
0.82667,8.8018,7.4774,-0.57965,1.6653,-2.1796,0.026692
0.83,7.5434,6.5772,0.46984,1.4124,-1.8114,0.06053
0.83333,5.4212,6.3397,0.82923,1.203,-1.3641,0.016662
0.83667,4.3309,5.8371,0.89829,1.1,-1.1224,-0.067486
0.84,4.9499,5.5793,-0.17612,1.0594,-1.1781,-0.071793
0.84333,5.1569,5.0591,-0.47465,1.0011,-1.2451,0.017122
0.84667,5.0482,5.3263,0.34204,1.1495,-1.1667,0.144
0.85,4.5534,6.6536,-0.15742,1.5845,-1.0955,0.22294
0.85333,4.5346,7.9887,-0.59363,1.9561,-1.2453,0.22617
0.85667,6.4739,7.6167,-0.06717,1.909,-1.6287,0.17943
0.86,8.0808,5.7093,0.056367,1.4572,-1.9784,-0.036619
0.86333,9.0731,3.7417,0.21481,0.8416,-2.0554,-0.23371
0.86667,8.095,2.4162,-0.52666,0.38608,-1.7743,-0.27369
0.87,6.5466,2.8159,-1.6156,0.35227,-1.4024,-0.090839
0.87333,5.3109,3.908,-1.8336,0.60616,-1.2032,0.17194
0.87667,4.6329,5.5717,0.18657,0.9916,-1.2115,0.19661
0.88,4.62,7.3198,2.9344,1.4346,-1.2243,-0.036446
0.88333,4.289,8.36,2.5597,1.8675,-1.2202,-0.2114
0.88667,4.5605,9.0875,0.5265,2.1965,-1.151,-0.11285
0.89,4.007,10.274,-1.2146,2.4777,-0.96728,0.18665
0.89333,2.2726,9.0419,0.038021,2.274,-0.67806,0.46624
0.89667,2.3816,7.2629,2.7999,1.6077,-0.65821,0.46912
0.9,4.3172,3.9247,1.93,0.86814,-1.0044,0.14199
0.90333,7.073,2.0025,-0.58968,0.38649,-1.4883,-0.31736
0.90667,8.7032,1.3764,-2.9016,0.25733,-1.9229,-0.50852
0.91,9.0442,2.5722,-1.4399,0.48965,-2.0922,-0.32936
0.91333,7.5265,5.7136,1.3291,1.1186,-1.924,-0.062558
0.91667,5.0295,7.4645,3.0573,1.696,-1.6276,0.1907
0.92,5.5188,10.58,2.4679,2.1723,-1.5802,0.31279
0.92333,4.772,9.7501,-0.2966,2.2429,-1.388,0.22948
0.92667,3.7146,8.4548,0.14319,1.979,-0.93898,0.055613
0.93,2.3795,7.3403,1.3371,1.7008,-0.47116,-0.060574
0.93333,1.4903,6.7727,1.0524,1.5176,-0.25862,0.017659
0.93667,2.9577,5.8012,0.048523,1.2705,-0.57087,0.17608
0.94,6.1311,4.0966,-0.68908,0.93034,-1.3528,0.27712
0.94333,9.5929,3.9342,-0.88176,0.7467,-2.0666,0.062544
0.94667,9.2212,3.4848,-0.14137,0.69603,-2.1682,-0.27839
0.95,8.1738,4.4878,-0.085623,0.90228,-1.9842,-0.37983
0.95333,7.2897,5.9934,-0.6909,1.1829,-1.8063,-0.12342
0.95667,5.8066,6.6075,-0.25801,1.3462,-1.6126,0.1127
0.96,4.3496,7.2542,1.0891,1.4774,-1.294,0.097842
0.96333,3.4254,7.1767,0.76935,1.5267,-0.96439,-0.0273
0.96667,2.9547,6.7408,0.27877,1.4502,-0.66257,-0.0009662
0.97,2.1199,6.2492,0.36083,1.4464,-0.47436,0.17042
0.97333,2.1762,7.2548,0.12904,1.7278,-0.59162,0.28682
0.97667,3.7604,8.1015,0.16615,1.8834,-1.0218,0.20773
0.98,6.1765,6.9955,0.74353,1.6516,-1.5727,-0.028565
0.98333,8.2416,5.3027,0.40002,1.1824,-1.947,-0.2291
0.98667,8.6,3.531,-0.61391,0.76632,-1.9505,-0.21217
0.99,7.755,3.6594,-0.045594,0.66742,-1.6835,-3.2343e-05
0.99333,5.8485,5.3053,-0.089366,0.97395,-1.355,0.19637
0.99667,4.3,7.2899,-0.12712,1.4611,-1.1018,0.21643
1,4.1486,8.9369,0.2694,1.6963,-1.0289,0.075993
1.0033,4.1495,7.4962,0.97272,1.5195,-1.0179,-0.053389
1.0067,4.3039,6.4285,-0.23159,1.4257,-1.0151,-0.090752
1.01,4.9705,7.2511,-0.84156,1.5869,-1.1146,-0.0040155
1.0133,4.8149,7.3269,-0.13746,1.6007,-1.2381,0.18585
1.0167,5.2839,5.9701,0.98461,1.3407,-1.3852,0.25517
1.02,6.6051,4.3546,0.60477,0.96233,-1.5872,0.089956
1.0233,7.6975,3.4398,-1.4073,0.73084,-1.7467,-0.25886
1.0267,7.406,3.1011,-2.0226,0.68592,-1.7404,-0.47753
1.03,7.104,4.2788,0.19191,0.91115,-1.648,-0.28967
1.0333,6.5092,5.8073,1.1056,1.2751,-1.57,0.13532
1.0367,4.9294,7.2885,1.3043,1.5982,-1.392,0.41264
1.04,4.3321,8.0139,1.3986,1.8068,-1.1538,0.38524
1.0433,3.7952,8.193,0.79955,1.8459,-0.92602,0.14403
1.0467,2.6684,7.9766,1.0533,1.7074,-0.69284,-0.082316
1.05,1.9431,6.903,1.4943,1.4728,-0.61402,-0.05983
1.0533,3.3711,6.215,0.33809,1.2946,-0.87121,0.077327
1.0567,5.1961,5.0944,-0.44308,1.0798,-1.2056,0.14861
1.06,6.7482,3.933,0.058268,0.92053,-1.4721,0.014811
1.0633,7.5344,3.5235,0.048096,0.88267,-1.7102,-0.13298
1.0667,7.8998,4.3425,0.067936,1.0537,-1.8148,-0.1203
1.07,6.788,6.3861,0.21441,1.4722,-1.6129,-0.079782
1.0733,4.616,8.2221,0.21812,1.8574,-1.2533,-0.015014
1.0767,3.6398,8.8205,-0.073957,2.0129,-1.0275,0.11116
1.08,3.6614,8.4902,0.52223,1.8433,-0.96669,0.22767
1.0833,3.838,7.827,1.1053,1.6783,-0.97231,0.22814
1.0867,3.3498,7.7618,0.54292,1.6326,-0.99594,0.13985
1.09,4.4203,7.9332,0.72188,1.5634,-1.1885,0.057052
1.0933,5.583,6.3977,0.98342,1.3501,-1.3905,0.0051374
1.0967,6.0198,4.9057,1.0034,1.1497,-1.4418,-0.12847
1.1,6.4589,4.5028,0.019714,1.0907,-1.4623,-0.21512
1.1033,7.0269,4.8955,-1.0602,1.1214,-1.5044,-0.036419
1.1067,6.3762,5.1957,-0.88329,1.1702,-1.4403,0.20775
1.11,5.8241,5.6606,-0.17675,1.3108,-1.3258,0.26858
1.1133,5.2493,7.0488,0.66422,1.5045,-1.2182,0.094186
1.1167,4.8209,6.8601,0.16749,1.5283,-1.2138,-0.11871
1.12,5.093,6.4898,0.48077,1.4279,-1.2895,-0.1586
1.1233,5.2805,6.9345,0.88395,1.4707,-1.3512,-0.029413
1.1267,4.2039,7.5965,0.90023,1.5814,-1.2074,0.13378
1.13,3.7199,8.096,1.1105,1.6751,-1.0914,0.27251
1.1333,3.7031,7.2568,1.3743,1.6478,-1.0862,0.28343
1.1367,4.3952,7.1911,1.5357,1.5976,-1.1538,0.11708
1.14,4.6853,6.5391,0.22192,1.6377,-1.2006,-0.11976
1.1433,5.6421,7.1418,-0.57542,1.646,-1.3341,-0.17175
1.1467,6.508,6.0485,-0.33148,1.4895,-1.4887,0.019455
1.15,6.7916,5.0575,0.30406,1.2333,-1.6363,0.23903
1.1533,7.3199,5.0303,0.98667,1.0524,-1.6986,0.25028
1.1567,6.5444,5.3262,0.89875,0.98233,-1.5955,0.045257
1.16,5.8008,5.3216,1.2406,0.97615,-1.4152,-0.15012
1.1633,5.199,5.9268,0.027869,1.1409,-1.3329,-0.17566
1.1667,4.9172,7.0302,-0.37452,1.4283,-1.2093,-0.041012
1.17,4.1545,7.9775,0.082597,1.7524,-1.0477,0.10118
1.1733,2.6993,8.8081,1.821,2.0235,-0.81515,0.20333
1.1767,2.6006,10.105,2.2047,2.2827,-0.76333,0.28238
1.18,3.1383,9.3915,0.97337,2.2521,-0.90154,0.38236
1.1833,4.8622,7.3708,-0.0019587,1.8249,-1.1988,0.38437
1.1867,6.3775,4.6542,-0.80048,1.2222,-1.4864,0.12565
1.19,7.6856,3.4411,-0.57859,0.75054,-1.6832,-0.27446
1.1933,8.1521,2.1524,-0.62357,0.39941,-1.8078,-0.39099
1.1967,7.7029,1.8433,-1.221,0.31665,-1.8177,-0.15573
1.2,7.4008,4.2043,-1.2241,0.67842,-1.682,0.13825
1.2033,5.2587,6.2768,-0.083761,1.1825,-1.3631,0.20537
1.2067,3.8513,7.7451,1.2841,1.5569,-1.1709,0.12517
1.21,4.0526,7.7507,1.4065,1.7562,-1.1876,0.031328
1.2133,4.9449,8.5662,0.57344,2.0584,-1.216,-0.064424
1.2167,3.7774,9.5677,-0.47709,2.3183,-0.99581,-0.10577
1.22,2.0933,9.6693,-0.20789,2.2513,-0.71493,0.093968
1.2233,2.5089,7.426,1.4426,1.6464,-0.70056,0.40588
1.2267,4.7206,4.1673,1.7577,0.87605,-1.0641,0.39881
1.23,7.4623,2.2028,0.45528,0.48127,-1.5821,0.026134
1.2333,9.4635,2.279,-1.6681,0.54066,-2.0374,-0.36797
1.2367,9.3039,3.3881,-1.4818,0.74821,-2.158,-0.4211
1.24,7.6901,4.9997,1.3282,1.105,-1.8866,-0.1387
1.2433,5.4152,7.913,2.2396,1.6681,-1.5333,0.089977
1.2467,4.2284,10.583,0.26319,2.1757,-1.3907,0.19335
1.25,4.8183,9.868,-1.0664,2.1591,-1.3443,0.28182
1.2533,5.5128,7.5486,-0.64313,1.7419,-1.2511,0.30167
1.2567,4.1126,5.4468,1.0293,1.3325,-0.85495,0.12006
1.26,1.704,5.8535,1.6447,1.2877,-0.41383,-0.17681
1.2633,2.0333,6.0717,0.19476,1.2458,-0.51991,-0.24454
1.2667,5.0246,5.2546,-1.8308,1.0723,-1.1345,-0.016382
1.27,7.8952,3.9795,-1.5975,0.92575,-1.7151,0.14072
1.2733,8.9651,4.255,-0.20235,1.083,-2.0448,0.070657
1.2767,9.0696,6.355,0.97385,1.4445,-2.179,-0.037213
1.28,8.111,7.6138,1.1406,1.689,-2.0788,0.0036615
1.2833,6.0549,8.0664,0.70097,1.7559,-1.6518,-0.0057597
1.2867,3.8593,7.9438,0.33594,1.6617,-1.0472,-0.079314
1.29,2.0992,7.0151,0.38468,1.4043,-0.4685,-0.049497
1.2933,1.3205,5.7697,0.46863,1.1999,-0.18427,0.17674
1.2967,1.5773,6.3437,1.1447,1.3537,-0.30725,0.38362
1.3,3.2682,7.521,0.94504,1.7092,-0.78836,0.42577
1.3033,5.1541,8.3554,1.2588,1.9639,-1.3545,0.18716
1.3067,6.5711,7.9813,0.10421,1.9481,-1.8089,-0.186
1.31,8.1091,7.3394,-0.66344,1.7816,-2.0436,-0.37352
1.3133,8.6714,6.0518,-0.63416,1.4546,-2.0689,-0.25109
1.3167,7.8391,4.468,0.45087,1.0463,-1.9086,0.12971
1.32,6.6697,4.2131,1.1024,0.88362,-1.5826,0.39552
1.3233,4.6541,5.1609,1.388,0.94178,-1.1431,0.27624
1.3267,2.8168,6.1547,1.0658,1.0888,-0.74786,-0.067696
1.33,3.1888,6.2633,-0.12611,1.2798,-0.74118,-0.21105
1.3333,4.2167,7.2187,-1.2703,1.6224,-1.0291,-0.11513
1.3367,4.6073,9.508,0.7631,2.2715,-1.2019,0.023839
1.34,3.9013,11.867,2.801,2.8153,-1.2658,0.14039
1.3433,4.2649,11.422,3.256,2.668,-1.3329,0.35363
1.3467,4.8856,7.8373,1.4968,1.7835,-1.3589,0.47662
1.35,5.6116,4.1832,-1.1165,0.89536,-1.2584,0.20119
1.3533,6.0507,2.1628,-2.0322,0.42754,-1.1731,-0.32395
1.3567,6.5484,1.4304,-0.23927,0.29758,-1.2566,-0.54774
1.36,6.6279,1.4154,2.1704,0.40603,-1.5028,-0.24528
1.3633,7.5209,4.0389,1.7819,0.8738,-1.7668,0.24511
1.3667,6.4087,8.0721,-0.62562,1.6024,-1.6973,0.36016
1.37,4.263,10.509,-1.0026,2.2126,-1.3582,0.15654
1.3733,4.3416,11.248,0.21285,2.528,-1.3145,0.0099963
1.3767,5.446,9.7534,1.1716,2.3861,-1.4241,0.096458
1.38,5.0246,8.3409,2.0756,1.9788,-1.2697,0.15905
1.3833,3.6269,6.169,1.8227,1.4549,-0.90489,0.041694
1.3867,3.8557,4.6537,-0.053972,0.8958,-0.79025,-0.101
1.39,5.2136,3.0857,-1.9191,0.51955,-1.0114,-0.070275
1.3933,6.4909,2.6753,-1.412,0.51231,-1.4281,0.022846
1.3967,8.346,4.3087,-0.52602,0.95397,-1.9141,0.020268
1.4,8.7237,6.5471,0.67451,1.5344,-2.1494,-0.12483
1.4033,7.6174,8.6629,1.0471,1.9242,-2.0624,-0.2089
1.4067,5.9724,8.4586,1.4943,1.8546,-1.7506,-0.091436
1.41,5.6738,7.5456,1.2242,1.5385,-1.4313,0.22221
1.4133,4.1053,6.3428,0.63095,1.3128,-0.97562,0.35798
1.4167,1.9356,6.2013,0.50801,1.3081,-0.55936,0.22843
1.42,1.832,6.5985,0.47827,1.3675,-0.52727,0.087827
1.4233,3.5141,5.9531,0.95421,1.2615,-0.87276,0.082967
1.4267,5.1128,5.111,0.42205,1.2343,-1.2832,-0.017808
1.43,5.9644,6.3918,-0.335,1.5792,-1.5316,-0.25153
1.4333,6.9846,7.7255,-0.63779,1.8488,-1.7023,-0.27212
1.4367,7.1458,6.598,0.12397,1.6476,-1.8096,0.10066
1.44,7.5347,5.6629,0.17856,1.4011,-1.7768,0.41362
1.4433,6.5207,6.5683,-0.61489,1.3586,-1.5284,0.31851
1.4467,4.9787,5.613,0.0678,1.1156,-1.1127,-0.023369
1.45,3.7735,4.7,0.031418,0.78562,-0.90363,-0.24867
1.4533,4.6421,4.1005,-0.3174,0.69809,-0.95179,-0.24132
1.4567,4.6887,5.0761,-0.23584,0.84385,-1.0694,-0.061413
1.46,5.3594,5.9079,0.10851,1.2283,-1.2734,0.15401
1.4633,6.2255,7.9427,0.26753,1.7356,-1.5589,0.31146
1.4667,6.8246,8.4813,-0.16247,2.036,-1.7298,0.24618
1.47,6.2307,8.0344,0.52828,1.9481,-1.6791,0.061073
1.4733,6.1622,6.8461,1.7269,1.6691,-1.4963,-0.12436
1.4767,5.2594,5.5214,0.96929,1.3069,-1.2641,-0.20684
1.48,5.1843,4.3277,-0.44127,0.98307,-1.1169,-0.08277
1.4833,5.6302,3.8306,-1.6339,0.78748,-1.2151,0.18373
1.4867,6.4125,3.815,-0.48074,0.76563,-1.4051,0.33583
1.49,6.1432,4.7598,1.5102,1.0093,-1.5275,0.17196
1.4933,5.8237,7.5615,1.9573,1.5724,-1.6135,-0.1552
1.4967,5.3266,9.2704,0.85342,2.0446,-1.6144,-0.27386
1.5,5.138,9.7128,0.14281,2.1964,-1.5446,-0.12577
1.5033,5.5436,8.9668,0.23396,2.0627,-1.446,0.13773
1.5067,5.0808,6.9452,0.54051,1.6124,-1.2667,0.35771
1.51,4.9252,4.5069,0.58209,1.0089,-1.0525,0.33317
1.5133,4.9461,2.8389,0.33657,0.56158,-0.93832,0.10339
1.5167,5.2848,2.1845,0.092013,0.39488,-0.94947,-0.18129
1.52,5.5174,2.7429,-0.75812,0.56554,-1.1558,-0.30286
1.5233,6.7292,4.5836,-0.91793,1.036,-1.5183,-0.24646
1.5267,7.3817,7.3181,-0.45238,1.5759,-1.8187,-0.07024
1.53,6.8301,8.2668,0.86016,1.8792,-1.8498,0.18149
1.5333,6.4931,9.3282,1.768,2.0118,-1.7474,0.37022
1.5367,5.2009,8.7302,0.51219,1.9468,-1.4073,0.34028
1.54,2.8845,7.7275,0.27024,1.7158,-0.87465,0.1093
1.5433,1.7362,6.6795,0.63397,1.4353,-0.51948,-0.12583
1.5467,2.2031,5.3149,0.64383,1.2055,-0.54711,-0.10642
1.55,4.4479,4.513,-0.11381,1.0688,-1.0068,0.091748
1.5533,6.6483,3.8251,-0.44365,1.0065,-1.5873,0.22381
1.5567,8.8145,4.2235,-0.819,1.0258,-2.0483,0.15781
1.56,8.9194,4.1279,-0.04253,0.96527,-2.122,-0.078983
1.5633,8.4735,4.1362,-0.36295,0.85508,-2.0287,-0.26712
1.5667,7.9106,4.4676,-1.6858,0.88955,-1.8518,-0.31935
1.57,5.9305,5.2421,-1.363,1.0005,-1.4943,-0.2801
1.5733,4.7307,6.1192,0.44281,1.1823,-1.1328,-0.06278
1.5767,3.0452,6.7706,1.1085,1.3434,-0.86754,0.20204
1.58,2.3722,7.8486,1.1485,1.582,-0.65357,0.38244
1.5833,2.4422,8.7261,0.51245,1.9424,-0.64782,0.31398
1.5867,3.0774,9.0023,0.80021,2.1187,-0.85819,0.12882
1.59,4.5265,8.2847,1.5493,1.9465,-1.158,-0.0099039
1.5933,5.3202,5.6755,1.4251,1.4822,-1.36,-0.075643
1.5967,6.3156,4.751,0.26116,1.0953,-1.5113,-0.17409
1.6,6.692,3.6918,-1.0697,0.81556,-1.5218,-0.14177
1.6033,6.6468,3.3101,-0.17179,0.67422,-1.5175,-0.025734
1.6067,6.2176,3.4972,1.2099,0.7506,-1.4901,0.13687
1.61,5.6979,5.4616,1.234,1.1667,-1.3998,0.12552
1.6133,5.0568,7.8431,-0.059199,1.6724,-1.2696,-0.055824
1.6167,4.0279,8.6916,-0.25856,1.9029,-1.1205,-0.13565
1.62,3.6528,8.7374,0.47582,1.9377,-0.98541,-0.016814
1.6233,3.2553,9.0487,1.471,1.9501,-0.88934,0.20351
1.6267,3.6263,8.0655,1.3839,1.7727,-0.88363,0.42884
1.63,4.1212,5.9113,-0.15319,1.3236,-1.086,0.44627
1.6333,6.8044,4.0088,-0.96407,0.81999,-1.4325,0.19654
1.6367,7.3788,2.2364,-1.2,0.42139,-1.5533,-0.26789
1.64,6.9762,1.4173,-0.79316,0.2537,-1.5635,-0.60543
1.6433,7.489,2.0548,0.033619,0.39949,-1.6709,-0.46581
1.6467,7.5108,3.685,-0.40765,0.74887,-1.8146,-0.080129
1.65,6.8609,5.2106,0.058171,1.0727,-1.7023,0.21568
1.6533,5.5582,6.1581,0.7458,1.291,-1.4186,0.27581
1.6567,4.7394,7.2193,0.75891,1.5683,-1.1302,0.13104
1.66,2.8631,7.8813,0.74618,1.8665,-0.78747,0.025245
1.6633,1.0454,9.1464,1.2412,2.1627,-0.50728,0.041606
1.6667,0.9636,10.315,1.475,2.194,-0.50371,0.20922
1.67,2.081,7.9174,1.6404,1.7221,-0.64496,0.34345
1.6733,3.6324,5.2233,0.57319,1.114,-0.91184,0.19922
1.6767,6.7011,3.4234,-1.0084,0.66819,-1.4037,-0.010867
1.68,8.8387,1.8116,-0.95602,0.37815,-1.8936,-0.12516
1.6833,9.6282,2.1056,-0.15067,0.44966,-2.1663,-0.17201
1.6867,9.2423,3.6767,0.54929,0.8058,-2.178,-0.17697
1.69,7.6986,5.4537,0.68323,1.1464,-1.9039,-0.19575
1.6933,5.942,6.0212,0.6853,1.2431,-1.5342,-0.077343
1.6967,5.8959,5.5778,-0.11362,1.1845,-1.3271,0.20918
1.7,5.1348,5.352,-0.11238,1.0875,-1.1486,0.37093
1.7033,3.5334,5.7994,0.7773,1.2947,-0.84178,0.21702
1.7067,2.0555,8.3261,1.6212,1.7981,-0.64491,-0.090465
1.71,2.4021,9.0831,1.0986,1.9959,-0.81801,-0.16536
1.7133,4.431,7.1187,0.80173,1.7235,-1.2371,0.040829
1.7167,6.6033,6.0116,-0.55468,1.4881,-1.6613,0.14984
1.72,7.3242,5.3231,-0.8399,1.3127,-1.7736,0.038626
1.7233,7.3652,4.3824,0.26731,1.0331,-1.7214,-0.044507
1.7267,7.1683,3.5379,0.7753,0.77245,-1.663,-0.01444
1.73,6.6952,3.999,-0.5059,0.78296,-1.4689,0.0089748
1.7333,4.689,4.8587,-0.76937,1.0039,-1.1465,-0.11945
1.7367,3.826,6.2484,0.22813,1.2608,-0.99586,-0.18327
1.74,4.3383,6.9114,1.8441,1.4652,-1.0394,-0.041392
1.7433,4.0084,7.1782,1.9306,1.6388,-1.0801,0.15251
1.7467,3.8693,9.0549,1.1086,1.9298,-1.0515,0.24564
1.75,3.2963,9.7263,0.13618,2.0711,-0.93884,0.21763
1.7533,3.5568,7.9497,0.44103,1.7496,-0.89954,0.10736
1.7567,4.6246,4.8172,1.5018,1.2028,-1.016,-0.00013393
1.76,5.9786,3.3758,0.54948,0.87546,-1.2734,-0.1328
1.7633,6.9613,3.2422,-0.65561,0.75735,-1.4803,-0.15289
1.7667,7.3499,2.8988,-1.0527,0.70653,-1.682,0.058889
1.77,8.1408,3.754,-0.45964,0.74907,-1.9263,0.22725
1.7733,8.2269,4.5524,-0.41938,0.90893,-2.0578,0.12978
1.7767,7.8227,5.1062,0.20518,1.1075,-2.0602,-0.20041
1.78,6.9662,6.2583,0.83982,1.2625,-1.887,-0.47802
1.7833,5.729,6.407,1.3126,1.3265,-1.5448,-0.39719
1.7867,4.3505,6.628,0.59608,1.3687,-1.1633,-0.0099344
1.79,3.0604,6.4505,-0.26667,1.4262,-0.82534,0.38359
1.7933,2.4869,7.466,0.6234,1.5981,-0.55412,0.48736
1.7967,1.7914,7.9104,1.3697,1.759,-0.4235,0.27682
1.8,2.6031,6.8161,0.67218,1.6194,-0.65403,0.091067
1.8033,5.4278,5.9925,-0.63297,1.3706,-1.2108,-0.011429
1.8067,7.3914,4.6953,-1.0934,1.1214,-1.6702,-0.1024
1.81,7.7206,4.602,0.30605,0.95038,-1.8244,-0.20544
1.8133,7.5526,4.568,1.4037,0.92193,-1.8414,-0.20375
1.8167,7.2461,5.2382,0.77243,0.99294,-1.8269,-0.0084117
1.82,6.7845,5.6728,-0.3545,1.1051,-1.6372,0.15736
1.8233,4.5061,6.2099,-0.47763,1.2896,-1.2391,0.11061
1.8267,3.4347,7.1137,0.38672,1.5639,-0.86851,-0.051414
1.83,2.0665,7.6276,1.6554,1.8612,-0.62942,-0.1366
1.8333,2.1474,9.3495,1.6472,2.211,-0.62763,-0.041425
1.8367,3.1982,9.7903,-0.64908,2.3225,-0.91879,0.28948
1.84,4.8322,7.5363,-0.97893,1.8692,-1.362,0.51695
1.8433,7.4293,5.6409,0.76322,1.2378,-1.7762,0.31417
1.8467,8.2586,3.1919,0.35645,0.71409,-1.9393,-0.24233
1.85,8.6238,2.0628,-0.7984,0.37048,-1.9725,-0.61793
1.8533,8.5242,2.0665,-1.1897,0.21652,-1.8917,-0.47253
1.8567,6.5357,3.2151,0.022322,0.4383,-1.5058,-0.10704
1.86,3.7288,5.3297,1.2344,0.88296,-0.98552,0.16797
1.8633,2.8976,7.3944,0.90265,1.4329,-0.78834,0.31051
1.8667,3.6174,9.2045,-0.3823,1.9748,-0.89683,0.30117
1.87,3.6526,9.9022,0.14642,2.3741,-0.90396,0.23042
1.8733,1.7921,11.163,2.0819,2.6625,-0.7126,0.099791
1.8767,1.6178,11.466,2.5047,2.5467,-0.69602,0.11206
1.88,3.6799,7.6238,-0.20552,1.7428,-1.0519,0.22538
1.8833,7.6841,3.2303,-2.4285,0.67999,-1.6582,0.18238
1.8867,9.7134,-0.33172,-1.3026,-0.073576,-1.9773,-0.11186
1.89,9.1884,-0.81232,0.51731,-0.20389,-2.0312,-0.36028
1.8933,8.8349,2.1053,0.77265,0.26147,-2.0539,-0.26336
1.8967,7.1691,5.0089,-0.35908,0.98932,-1.8463,0.049463
1.9,4.8076,8.3528,-1.0595,1.7525,-1.4361,0.081584
1.9033,3.8183,10.122,-0.27718,2.1227,-1.1869,0.033486
1.9067,5.0488,8.5595,1.3827,2.0222,-1.2296,0.12706
1.91,4.8072,7.3544,2.4297,1.8292,-1.13,0.21025
1.9133,2.5373,7.9763,1.0535,1.8914,-0.66543,0.25534
1.9167,0.53333,9.3017,0.14168,1.8375,-0.22676,0.25039
1.92,0.72941,6.6016,-0.21855,1.2512,-0.24419,0.19749
1.9233,4.0072,2.878,0.18067,0.60077,-0.85892,0.051658
1.9267,8.1604,1.9378,0.0088144,0.37737,-1.7542,-0.25621
1.93,10.641,2.479,0.35376,0.55197,-2.3993,-0.32296
1.9333,10.646,4.0494,0.37041,0.97107,-2.4704,-0.046381
1.9367,7.7777,6.8976,0.070777,1.4831,-2.0233,0.19581
1.94,4.4461,9.2204,0.63576,1.8621,-1.3193,0.21083
1.9433,2.715,9.1972,0.39754,1.9159,-0.85103,0.061342
1.9467,3.3363,7.2545,0.014371,1.5984,-0.88106,-0.027338
1.95,4.6069,5.3284,0.65681,1.2446,-1.0048,0.091292
1.9533,3.7197,6.0588,0.27222,1.2967,-0.80157,0.051051
1.9567,2.6064,6.835,0.31034,1.3581,-0.5763,0.14816
1.96,2.7653,5.4005,0.97026,1.0885,-0.71544,0.2528
1.9633,5.088,4.6289,0.54931,0.93935,-1.2826,0.086259
1.9667,8.247,4.8655,-0.83228,1.1167,-1.9287,-0.29871
1.97,9.3513,5.1152,-0.77319,1.2283,-2.2548,-0.43716
1.9733,8.6537,5.016,0.63007,1.1728,-2.0832,-0.1742
1.9767,6.0172,5.1258,0.80737,1.184,-1.4735,0.25186
1.98,3.4077,6.4801,0.24387,1.2376,-0.81098,0.29521
1.9833,1.9207,6.6261,-0.80077,1.2265,-0.50545,0.12588
1.9867,2.9688,5.8926,-0.4562,1.1915,-0.68041,-0.084461
1.99,4.2894,6.3361,0.99616,1.3008,-0.98687,-0.11872
1.9933,3.7924,7.1303,2.1238,1.5417,-1.0384,-0.045516
1.9967,3.1772,8.4965,1.6524,1.7841,-1.0179,0.14879
2,3.5817,7.9414,-0.67349,1.7661,-1.1265,0.25242
2.0033,5.6996,7.2641,-1.0281,1.5688,-1.4304,0.16324
2.0067,6.6349,5.1887,0.3987,1.1782,-1.6316,-0.11062
2.01,7.2511,3.0558,1.369,0.78214,-1.7126,-0.19765
2.0133,7.2618,3.119,0.42307,0.63294,-1.6079,-0.16846
2.0167,5.5257,3.9096,-0.82702,0.73014,-1.2298,-0.059064
2.02,3.5576,4.692,-0.37524,0.93102,-0.88247,-0.030606
2.0233,3.6578,6.0077,0.78908,1.1767,-0.91253,-0.011941
2.0267,4.8684,7.4841,0.8058,1.4805,-1.2416,0.030715
2.03,5.0223,8.1871,1.1488,1.7735,-1.4086,0.097723
2.0333,4.1985,9.3908,0.67706,2.0516,-1.3145,0.11091
2.0367,3.3657,9.9557,0.96279,2.1282,-1.0402,0.11509
2.04,2.684,8.3017,1.0366,1.8019,-0.83538,0.10421
2.0433,3.332,5.7791,0.073065,1.3054,-0.86007,0.037712
2.0467,4.9856,4.8214,-1.0636,1.0116,-1.0653,-0.065165
2.05,5.2657,4.2029,-1.0761,0.88692,-1.1544,-0.10919
2.0533,4.9007,4.4392,-0.63945,0.95752,-1.164,-0.0017342
2.0567,5.7786,5.5313,-0.53027,1.1648,-1.235,0.14731
2.06,4.8288,6.0827,-0.82614,1.2665,-1.1743,0.15347
2.0633,4.3309,6.5541,0.4937,1.3663,-1.065,-0.017384
2.0667,4.2251,7.3159,0.29583,1.497,-1.0759,-0.092692
2.07,4.3788,7.5862,-0.96342,1.5502,-1.1062,0.028256
2.0733,2.8455,8.1815,-0.23579,1.6321,-0.8681,0.20661
2.0767,1.5829,8.9992,0.3154,1.7997,-0.54796,0.26268
2.08,1.4069,7.9191,1.0539,1.6347,-0.43749,0.24775
2.0833,2.7288,5.2837,0.4484,1.2299,-0.70805,0.096263
2.0867,5.5044,4.6534,-0.58834,1.0531,-1.1437,-0.11409
2.09,5.8517,4.6135,-1.3074,1.0137,-1.2861,-0.27601
2.0933,4.905,4.9416,-0.59306,1.0647,-1.2038,-0.16766
2.0967,4.8276,5.7126,-0.5462,1.2065,-1.1713,0.15921
2.1,4.642,6.7682,-0.29219,1.4151,-1.1784,0.26865
2.1033,4.0818,7.1784,0.71314,1.5278,-1.1227,0.11444
2.1067,4.9237,7.7729,1.1909,1.6986,-1.2039,-0.011804
2.11,4.3479,8.8664,0.23741,1.914,-1.1006,-0.042156
2.1133,2.255,9.8007,0.75739,2.0666,-0.65165,0.083376
2.1167,0.14676,9.5871,1.4371,2.0626,-0.28172,0.27983
2.12,1.0797,9.1711,1.0358,1.8587,-0.35237,0.35636
2.1233,2.8576,6.7975,0.26096,1.5098,-0.68818,0.20583
2.1267,5.058,5.2875,0.35395,1.2704,-1.1235,-0.13067
2.13,6.7283,5.0963,-0.79899,1.151,-1.5293,-0.24835
2.1333,7.5078,4.2216,-0.75708,0.95138,-1.6809,-0.057332
2.1367,6.6891,3.9643,0.27493,0.82944,-1.5642,0.070696
2.14,5.6454,4.5805,-0.33412,0.98331,-1.3474,0.012719
2.1433,4.9114,6.2525,-0.66081,1.2581,-1.1146,-0.11334
2.1467,3.9811,6.9764,-0.51544,1.4648,-0.92082,-0.047618
2.15,3.4326,7.2282,0.59759,1.6622,-0.7808,0.23565
2.1533,1.8985,9.6159,1.2135,2.1049,-0.58642,0.26404
2.1567,0.43342,11.609,0.73874,2.4344,-0.40346,0.10275
2.16,0.8533,10.807,0.015922,2.1848,-0.51564,0.031594
2.1633,3.181,7.5574,-0.37983,1.562,-0.9002,0.026494
2.1667,5.5841,5.0674,0.10655,1.0314,-1.2225,0.0047534
2.17,5.5087,4.0439,0.43613,0.78582,-1.2831,-0.11264
2.1733,5.6039,3.6612,0.2447,0.64063,-1.2356,-0.059327
2.1767,5.8143,3.675,-0.89342,0.66252,-1.1674,0.10446
2.18,4.5386,4.4669,-0.29535,0.89524,-0.97939,0.07409
2.1833,3.3697,7.3894,0.51355,1.5224,-0.79359,-0.083486
2.1867,2.9547,9.8733,0.89568,2.2116,-0.79345,-0.067582
2.19,3.0522,11.449,0.7141,2.5806,-0.88856,0.22189
2.1933,2.5203,11.979,0.11752,2.6571,-0.83374,0.48266
2.1967,2.1624,11.708,0.5052,2.4336,-0.75188,0.43237
2.2,2.4018,8.797,0.25803,1.7735,-0.84214,0.19962
2.2033,4.5691,5.1452,0.00128,0.96148,-1.193,-0.053306
2.2067,6.6456,2.8527,-1.5382,0.42625,-1.5036,-0.31185
2.21,6.5845,1.6111,-1.9465,0.23315,-1.4802,-0.43512
2.2133,6.0359,1.718,-0.92262,0.29152,-1.2978,-0.29334
2.2167,5.2582,3.0471,-0.43929,0.66591,-1.111,0.025444
2.22,4.2875,5.5417,-0.2364,1.2911,-0.92799,0.21103
2.2233,3.0152,8.2958,-0.0013187,1.9016,-0.78477,0.21343
2.2267,2.3859,9.7983,-0.16778,2.2716,-0.69881,0.20766
2.23,1.6588,11.136,0.2569,2.4092,-0.51041,0.12942
2.2333,0.10145,10.492,1.0674,2.2073,-0.22189,0.11247
2.2367,0.50614,8.9061,1.1037,1.6987,-0.20368,0.17912
2.24,2.229,6.5387,-0.79614,1.1081,-0.54719,0.22615
2.2433,4.1253,4.8565,-0.8554,0.73127,-0.91797,0.084871
2.2467,4.7939,5.2242,-0.051189,0.75049,-1.1219,-0.15827
2.25,4.9165,5.0477,-0.31241,0.92419,-1.2208,-0.21105
2.2533,5.3244,5.6777,-0.80968,1.201,-1.2914,-0.048338
2.2567,5.2561,6.2957,-0.26203,1.5409,-1.2227,-0.0028581
2.26,4.536,6.9591,0.1369,1.7614,-1.0622,0.024857
2.2633,3.8385,7.0529,1.0043,1.7455,-0.86893,0.024847
2.2667,2.9358,7.1089,0.70276,1.6096,-0.65276,0.09676
2.27,1.9283,7.4764,-0.6092,1.5478,-0.46389,0.15088
2.2733,1.0063,8.0742,-1.3218,1.5194,-0.4223,0.1118
2.2767,2.0612,7.4593,-0.10634,1.4589,-0.70556,0.017968
2.28,4.4205,7.2987,1.1202,1.4712,-1.2184,-0.090443
2.2833,5.7298,7.3634,1.4785,1.5104,-1.5591,-0.14862
2.2867,6.1411,7.3532,0.3197,1.4768,-1.6345,-0.0082938
2.29,5.4476,6.5673,-0.52643,1.3405,-1.3746,0.13872
2.2933,3.8262,6.1876,-0.63906,1.2207,-0.8617,0.1549
2.2967,2.7594,5.6915,-0.38505,1.1556,-0.42472,0.012351
2.3,2.3365,5.3741,-0.3827,1.137,-0.38018,-0.067117
2.3033,3.9019,5.2633,0.15955,1.1899,-0.67489,-0.0098212
2.3067,4.9536,6.4972,0.19034,1.4308,-1.0872,-0.0007897
2.31,5.2305,7.9985,0.45665,1.6563,-1.3733,-0.0087576
2.3133,5.3866,8.1904,1.0117,1.616,-1.5133,0.05246
2.3167,4.8389,7.6737,1.3132,1.4634,-1.4193,0.068152
2.32,4.1455,7.6197,0.11881,1.3982,-1.1492,0.032526
2.3233,2.5991,7.5547,-0.35826,1.3902,-0.78918,-0.03902
2.3267,2.5686,6.6546,0.63611,1.4114,-0.67461,0.0013666
2.33,3.209,6.7752,1.3382,1.6015,-0.80373,0.13706
2.3333,3.6178,8.2817,-0.0064774,1.9398,-0.9991,0.13879
2.3367,4.4628,9.2956,-0.30975,2.0533,-1.1861,0.15799
2.34,5.3167,7.474,-0.5424,1.6106,-1.3753,0.18054
2.3433,6.4354,4.652,-0.22564,0.92785,-1.5108,0.11571
2.3467,7.2678,3.1558,-0.12945,0.51644,-1.5375,-0.12582
2.35,6.9069,3.0298,-0.66463,0.43274,-1.5012,-0.28383
2.3533,6.3438,4.3031,-0.86848,0.60676,-1.4157,-0.17407
2.3567,5.0525,6.3638,-0.20374,1.0325,-1.2313,0.1313
2.36,3.7609,8.416,0.38908,1.5626,-1.0658,0.25401
2.3633,3.7985,9.4862,0.70373,1.943,-1.0734,0.22976
2.3667,4.7302,9.5775,0.03839,2.0442,-1.191,0.073175
2.37,4.9758,7.7763,0.21528,1.8167,-1.1718,-0.021719
2.3733,4.4242,5.8559,0.55873,1.3704,-1.0338,-0.03738
2.3767,4.6042,4.9767,0.00073697,0.91688,-0.94857,-0.026517
2.38,4.761,2.7623,-0.70956,0.47308,-0.98768,-0.07064
2.3833,5.0175,1.707,-0.66226,0.26419,-1.157,-0.13974
2.3867,6.1934,3.5985,-0.72968,0.56171,-1.4235,-0.14928
2.39,6.1715,5.3048,-0.44699,1.0659,-1.5318,-0.0089056
2.3933,5.1574,6.9692,1.0784,1.559,-1.4198,0.14483
2.3967,4.3367,9.1813,1.6648,2.0896,-1.2066,0.20764
2.4,3.6548,10.923,1.0077,2.4749,-0.98354,0.16955
2.4033,2.8358,10.215,1.0306,2.4215,-0.81229,0.19399
2.4067,3.2352,9.0458,1.1075,2.0311,-0.89417,0.31678
2.41,4.5238,7.3165,0.46082,1.4874,-1.121,0.29753
2.4133,5.2891,4.8096,-0.58247,0.86905,-1.3018,0.098962
2.4167,6.6353,2.2896,-0.94598,0.35919,-1.4743,-0.18651
2.42,7.9273,0.99686,-0.66772,0.093766,-1.7006,-0.41625
2.4233,8.8503,0.74575,-0.93585,0.14126,-1.8605,-0.46937
2.4267,8.1593,2.8425,-0.91309,0.56908,-1.8996,-0.29946
2.43,6.5703,5.8178,-0.76741,1.177,-1.6276,-0.056681
2.4333,4.065,7.8788,-0.23771,1.6582,-1.1495,0.20051
2.4367,2.5158,8.836,1.171,2.0305,-0.70957,0.30122
2.44,0.88946,10.412,1.7736,2.3934,-0.40475,0.22332
2.4433,0.60956,11.008,1.2617,2.5545,-0.31651,0.14151
2.4467,1.3011,9.9233,0.47063,2.1774,-0.45538,0.22722
2.45,3.2496,7.0177,0.0056145,1.4944,-0.80034,0.31021
2.4533,5.0536,4.762,-0.9192,0.95169,-1.2128,0.18094
2.4567,7.2281,3.7442,-0.89734,0.67217,-1.6755,-0.09309
2.46,8.8848,3.1118,-0.75222,0.57026,-2.1272,-0.24445
2.4633,9.8036,3.1756,0.13008,0.64725,-2.3017,-0.23776
2.4667,8.9982,3.9827,0.20986,0.87522,-2.0979,-0.17788
2.47,7.2012,4.8442,-0.30395,1.0417,-1.6848,-0.10323
2.4733,5.8021,5.1592,-1.1725,1.124,-1.3225,0.035855
2.4767,4.9454,5.8775,-0.45844,1.2515,-1.057,0.19936
2.48,2.9797,7.5669,1.2404,1.6112,-0.70178,0.21306
2.4833,-0.47898,9.4645,2.1791,2.0838,-0.21942,0.10868
2.4867,-0.72952,10.965,1.5776,2.3423,-0.15235,0.12444
2.49,1.4248,9.6733,0.51727,2.1162,-0.56621,0.17062
2.4933,4.3805,6.8702,-0.30988,1.6363,-1.1499,0.081318
2.4967,7.0573,4.8881,0.39701,1.2131,-1.6857,-0.079026
2.5,8.1898,3.7758,0.75892,0.91391,-1.9376,-0.13481
2.5033,7.4777,3.7525,-0.27338,0.79662,-1.8019,-0.023151
2.5067,5.7194,4.4922,-1.6051,0.87348,-1.4078,0.038166
2.51,4.5154,5.474,-1.0073,1.0718,-1.0439,-0.040506
2.5133,4.0176,5.3241,0.39874,1.2003,-0.94395,-0.1067
2.5167,5.2848,6.2318,1.4225,1.4612,-1.1504,0.0091213
2.52,5.8317,8.0134,0.64417,1.9103,-1.2621,0.22964
2.5233,3.461,10.319,0.29609,2.3253,-0.97015,0.35098
2.5267,1.152,11.309,0.53398,2.375,-0.59777,0.33268
2.53,1.5495,9.5564,0.7418,1.9302,-0.64661,0.21938
2.5333,4.2335,6.3187,0.30888,1.2487,-1.1016,-0.047308
2.5367,6.7947,3.5345,-0.14209,0.71952,-1.5515,-0.26935
2.54,8.2993,2.4307,-1.1507,0.53416,-1.7953,-0.30856
2.5433,7.8735,2.9341,-1.0855,0.63175,-1.6991,-0.10066
2.5467,6.104,3.9066,0.5934,0.89521,-1.3903,0.10774
2.55,3.8574,5.88,1.2871,1.3024,-1.1228,0.12564
2.5533,3.9751,8.0938,0.45183,1.7293,-1.1126,0.049184
2.5567,4.3348,8.28,0.22759,1.9475,-1.1172,0.053541
2.56,4.0571,8.0502,0.92616,1.9814,-0.99535,0.10064
2.5633,3.0681,8.3482,1.1275,1.9892,-0.77502,0.20316
2.5667,1.884,8.7039,0.48089,1.8583,-0.638,0.25023
2.57,2.7335,8.076,0.38409,1.567,-0.81708,0.23444
2.5733,3.9664,6.7456,0.34805,1.2357,-1.1521,0.063502
2.5767,5.9106,5.9024,0.73559,1.0907,-1.4949,-0.18619
2.58,7.2711,4.2485,0.2563,0.96272,-1.7762,-0.23751
2.5833,8.618,3.7453,-0.91162,0.9581,-1.95,-0.062423
2.5867,8.3224,5.1894,-1.7683,1.157,-1.8146,0.049727
2.59,6.1758,6.1014,-0.52046,1.3587,-1.409,0.034316
2.5933,4.2137,6.6525,1.0459,1.4763,-1.1003,-0.0066496
2.5967,4.0678,7.0448,1.1978,1.5448,-1.0048,0.043806
2.6,3.5954,6.9898,0.88221,1.5466,-0.82396,0.11959
2.6033,2.0303,7.0907,0.79479,1.5431,-0.54577,0.18626
2.6067,1.7109,7.6091,0.42065,1.5933,-0.50115,0.24955
2.61,3.1811,7.8622,-0.036567,1.633,-0.8194,0.22857
2.6133,4.7387,7.4794,0.7127,1.5617,-1.2794,0.091546
2.6167,5.8904,6.7477,0.97398,1.4138,-1.6291,-0.05138
2.62,6.945,5.9463,-0.39744,1.2769,-1.7958,-0.081418
2.6233,6.9238,5.0411,-1.7634,1.1178,-1.6904,0.00099501
2.6267,6.068,4.8567,-0.99727,1.02,-1.3544,0.03302
2.63,4.9255,4.0625,-0.0031902,0.9717,-1.0881,0.0056672
2.6333,4.9125,4.0908,0.28831,0.95205,-1.0682,0.027683
2.6367,5.305,5.2658,0.26937,1.083,-1.1365,0.052195
2.64,4.6678,6.8254,-0.52428,1.3754,-1.0897,0.11728
2.6433,3.5075,8.1804,-0.07036,1.6391,-0.99365,0.20146
2.6467,3.3456,8.3532,0.7754,1.7505,-1.0287,0.24667
2.65,4.5381,7.8451,0.38499,1.6889,-1.2745,0.15509
2.6533,5.3737,6.399,0.78224,1.4563,-1.4577,-0.097834
2.6567,5.6219,5.7138,1.0746,1.2467,-1.4946,-0.32894
2.66,6.0538,5.0082,-0.087194,1.0476,-1.4334,-0.19428
2.6633,5.0464,3.7348,-0.65778,0.80369,-1.2237,0.15376
2.6667,4.6544,3.3356,-0.61375,0.72165,-1.0575,0.41313
2.67,5.1716,4.097,-0.66248,0.94765,-1.1154,0.29213
2.6733,5.7647,5.2235,0.17638,1.2319,-1.3133,-0.055539
2.6767,5.9939,6.0316,1.1405,1.4554,-1.4846,-0.30865
2.68,6.0665,6.8962,1.4559,1.638,-1.5609,-0.216
2.6833,5.6332,8.1399,-0.32774,1.8024,-1.4865,0.077605
2.6867,4.0306,8.5445,-0.80311,1.8347,-1.1792,0.30095
2.69,3.2902,8.4812,0.48116,1.6911,-0.99248,0.32019
2.6933,3.3921,6.8055,2.5177,1.3792,-0.97321,0.19337
2.6967,4.1602,5.3019,2.3442,1.1222,-1.0702,-0.017221
2.7,5.2137,4.7216,-0.43097,1.0845,-1.2254,-0.19428
2.7033,5.4612,4.4379,-2.5178,1.0867,-1.2558,-0.23331
2.7067,6.1827,4.1765,-1.8017,1.0176,-1.3237,-0.0091549
2.71,6.2848,3.4217,1.0951,0.89513,-1.4016,0.24948
2.7133,6.3794,4.192,1.2607,0.97659,-1.4937,0.26427
2.7167,6.2612,5.0095,-0.46926,1.1443,-1.5149,0.0843
2.72,6.0853,5.9013,-1.3807,1.2005,-1.3926,-0.11323
2.7233,4.6305,4.9394,-0.82102,1.1079,-1.1057,-0.16471
2.7267,4.1028,5.6508,0.33227,1.1852,-0.99189,-0.055778
2.73,4.5268,6.9098,0.94871,1.4511,-1.0541,0.099728
2.7333,3.9619,7.6084,1.1119,1.7077,-1.1068,0.22269
2.7367,4.1848,8.2665,1.4122,1.8481,-1.2158,0.24714
2.74,4.9932,7.8243,0.65796,1.7455,-1.3798,0.23664
2.7433,5.9306,6.2038,-0.092847,1.4706,-1.4862,0.083028
2.7467,6.2391,4.3152,-0.49445,1.1276,-1.5321,-0.20936
2.75,7.8062,3.0441,-0.99984,0.79559,-1.6912,-0.3598
2.7533,8.1689,1.6704,-0.34649,0.44211,-1.7646,-0.31057
2.7567,7.3583,1.0807,0.65316,0.27061,-1.6554,-0.12546
2.76,6.6609,3.242,0.31899,0.55239,-1.5185,0.046635
2.7633,4.8598,5.2139,-0.17841,0.99505,-1.296,0.10417
2.7667,3.4152,6.8922,1.0722,1.4457,-1.0626,0.018734
2.77,3.1046,8.2174,1.7674,1.8744,-0.97402,-0.081957
2.7733,3.6901,9.2766,1.5428,2.1505,-0.97529,-0.049482
2.7767,2.9803,9.0843,1.6546,2.1723,-0.83941,0.10424
2.78,2.644,8.9794,1.1182,2.0373,-0.74976,0.24628
2.7833,3.3411,7.6975,0.25747,1.6592,-0.85591,0.30737
2.7867,4.6193,5.1999,-0.77185,1.0588,-1.1476,0.20869
2.79,6.7082,3.3337,-0.95114,0.67071,-1.4806,-0.080689
2.7933,7.7119,2.5993,-0.5107,0.57392,-1.694,-0.39086
2.7967,7.8198,2.7282,0.44229,0.59821,-1.7606,-0.3877
2.8,7.7834,3.4875,0.72309,0.74612,-1.8029,-0.094965
2.8033,7.3069,5.3528,-0.16799,1.1096,-1.7275,0.18741
2.8067,5.5418,7.3291,-0.39927,1.5105,-1.4236,0.22802
2.81,4.0423,7.895,0.82605,1.752,-1.0657,0.19183
2.8133,2.9716,8.1686,1.3146,1.8811,-0.81329,0.12572
2.8167,1.7399,8.3265,0.91641,1.9066,-0.57771,0.069338
2.82,1.5926,7.8952,1.0712,1.7503,-0.52024,0.064821
2.8233,3.0663,6.7082,0.50459,1.4493,-0.80761,0.10046
2.8267,5.6441,4.7007,0.66675,1.044,-1.3407,0.12754
2.83,8.3393,3.4879,-0.37783,0.78929,-1.8741,0.074433
2.8333,8.8885,3.7676,-0.72244,0.76677,-2.0701,-0.095501
2.8367,8.0186,4.3045,-0.7944,0.85673,-1.8934,-0.1952
2.84,6.3361,4.779,0.87287,0.98977,-1.4918,-0.16735
2.8433,4.8186,5.7384,1.1017,1.2478,-1.1838,-0.085042
2.8467,4.2583,6.9552,0.43408,1.4769,-1.0846,0.082985
2.85,4.8004,7.0477,0.37642,1.6291,-1.1098,0.24087
2.8533,4.2753,7.2891,1.3419,1.7032,-1.0397,0.28485
2.8567,2.6784,8.8767,1.698,1.8716,-0.78708,0.13596
2.86,1.3734,8.8538,1.4695,1.8316,-0.61655,0.0039523
2.8633,3.1008,6.8095,0.48414,1.4399,-0.93942,0.0095841
2.8667,6.1459,4.5802,-0.073153,1.0123,-1.4746,-0.015441
2.87,7.8698,3.5827,-0.38143,0.8311,-1.8036,-0.16507
2.8733,8.2634,3.2503,-0.002783,0.7933,-1.8973,-0.13089
2.8767,8.1361,3.3482,0.53483,0.83446,-1.8264,0.16413
2.88,6.7042,4.9312,1.1799,1.0647,-1.5151,0.31748
2.8833,3.8279,6.6237,0.72594,1.4522,-1.0914,0.097486
2.8867,3.1821,8.6533,-0.563,1.8129,-0.998,-0.15784
2.89,4.9621,8.5207,-0.6106,1.8116,-1.2314,-0.086271
2.8933,5.3627,6.4218,0.66847,1.4764,-1.3274,0.21737
2.8967,4.7439,5.6888,1.9939,1.2867,-1.1473,0.3532
2.9,3.7628,6.1472,1.6179,1.2904,-0.94609,0.26349
2.9033,4.4412,5.8371,0.57145,1.1812,-1.0547,0.083507
2.9067,5.3489,4.6904,-0.81088,0.98723,-1.3692,-0.10315
2.91,7.2304,4.5294,-0.92498,0.94269,-1.7022,-0.28778
2.9133,8.2008,3.6271,-0.17065,0.88027,-1.876,-0.2714
2.9167,7.7994,3.5896,0.94199,0.89352,-1.798,-0.10675
2.92,6.9982,4.8123,0.54611,1.1254,-1.5681,0.1732
2.9233,5.8714,5.9073,0.23863,1.3575,-1.2969,0.36057
2.9267,4.1348,6.5213,0.56804,1.4397,-1.0357,0.28109
2.93,3.6429,7.1237,0.80651,1.5573,-0.969,0.042238
2.9333,3.8015,7.7796,0.74494,1.67,-1.0094,-0.1565
2.9367,4.1051,7.6517,1.2368,1.639,-1.1376,-0.10928
2.94,5.2424,7.1498,1.0199,1.5606,-1.4129,0.16292
2.9433,6.4912,6.84,0.11441,1.5033,-1.6573,0.29137
2.9467,6.9388,6.153,-0.61999,1.3697,-1.7478,0.13004
2.95,7.1306,4.6107,-0.15726,1.0445,-1.7523,-0.14719
2.9533,7.2578,2.574,0.87136,0.64591,-1.6729,-0.30516
2.9567,6.9029,1.7034,0.65752,0.4757,-1.5205,-0.2533
2.96,6.3505,2.724,0.57446,0.71942,-1.2599,-0.12509
2.9633,4.6348,4.6444,-0.89299,1.1304,-1.0617,0.03502
2.9667,4.8922,5.8154,-1.2705,1.3494,-1.0836,0.30273
2.97,5.573,6.7753,-0.014788,1.5241,-1.3033,0.38617
2.9733,5.6905,7.5307,1.4837,1.7157,-1.4737,0.17565
2.9767,5.0253,8.4311,2.5034,1.8277,-1.5473,-0.12524
2.98,5.2848,7.7246,0.36953,1.6419,-1.5208,-0.23451
2.9833,5.9056,5.7987,-1.2884,1.1599,-1.4467,-0.068407
2.9867,5.5041,3.1754,-0.6652,0.68064,-1.2513,0.06681
2.99,5.622,3.0777,0.85031,0.59966,-1.2056,0.045373
2.9933,6.1745,3.4957,0.97302,0.83792,-1.3248,0.0074759
2.9967,6.0354,4.5793,0.33746,1.1223,-1.4565,0.047004
3,6.7027,5.9983,-0.56232,1.443,-1.5111,0.092086
3.0033,5.9047,6.863,-0.73397,1.6671,-1.4086,0.028875
3.0067,5.7314,6.724,0.41243,1.6296,-1.3496,-0.031152
3.01,5.9626,6.3048,1.2904,1.4682,-1.4537,0.0020459
3.0133,6.4085,5.8961,0.44981,1.3041,-1.5339,0.075186
3.0167,5.3335,5.8888,-1.0612,1.1691,-1.4012,0.088089
3.02,4.1999,6.0248,0.25185,1.0998,-1.1449,-0.0094527
3.0233,3.9424,6.2149,0.81614,1.138,-1.0019,-0.087125
3.0267,3.9146,5.7392,0.84511,1.2473,-1.0255,-0.085619
3.03,5.1646,6.0882,0.44931,1.4313,-1.2405,-0.001076
3.0333,5.9247,6.1944,-0.11874,1.6126,-1.4067,0.10325
3.0367,5.8461,6.5209,0.41305,1.6307,-1.403,0.14181
3.04,5.496,6.4275,0.75535,1.4842,-1.2633,0.13574
3.0433,5.1171,5.4796,0.20273,1.219,-1.2538,0.11962
3.0467,6.1051,4.7,-0.08187,0.97111,-1.4097,0.046449
3.05,6.4972,4.4518,0.092856,0.88544,-1.5437,-0.11541
3.0533,6.8679,5.2099,0.38529,1.0398,-1.6169,-0.24714
3.0567,6.3907,5.551,0.18649,1.2167,-1.6373,-0.11197
3.06,6.2333,7.0161,0.31793,1.4196,-1.6029,0.20385
3.0633,4.7341,7.836,-0.29387,1.6942,-1.3303,0.28565
3.0667,2.9004,8.4111,1.0534,1.9304,-0.95337,0.094623
3.07,3.5723,8.1664,1.3165,1.9139,-0.90791,-0.095964
3.0733,4.9596,5.652,0.41136,1.4678,-1.135,0.017889
3.0767,6.7926,3.5733,-0.60187,0.99881,-1.323,0.13428
3.08,6.3337,3.0339,-1.1303,0.77374,-1.3636,0.067112
3.0833,6.6419,4.0079,-0.2422,0.74523,-1.4546,-0.083702
3.0867,6.565,4.4976,-0.5013,0.77246,-1.6048,-0.14864
3.09,6.8318,4.824,-0.65501,0.9236,-1.7497,-0.078675
3.0933,7.8044,6.7546,-0.67166,1.2469,-1.8786,0.023105
3.0967,6.4776,6.7616,0.081938,1.4583,-1.6606,0.051407
3.1,5.2184,7.6892,1.8439,1.6859,-1.2704,0.053543
3.1033,3.6301,7.6869,1.5855,1.8296,-0.93088,0.13629
3.1067,2.7956,8.5428,0.22457,1.9117,-0.71504,0.26291
3.11,2.3254,8.2183,-0.3503,1.8323,-0.59818,0.31617
3.1133,2.5753,6.983,0.09371,1.5248,-0.75143,0.21541
3.1167,5.5594,4.5177,0.93964,1.0343,-1.266,0.03109
3.12,8.6296,1.6647,0.47979,0.53986,-1.9366,-0.13121
3.1233,11.071,1.3887,-0.74412,0.39418,-2.3922,-0.30274
3.1267,9.8415,1.9365,-0.59824,0.45384,-2.2842,-0.31657
3.13,7.8201,4.0455,-0.52553,0.74485,-1.9453,-0.13365
3.1333,6.041,6.3013,-0.19092,1.1345,-1.5829,0.10599
3.1367,4.5758,7.5817,0.40716,1.4801,-1.2797,0.22395
3.14,4.0024,7.8168,1.8768,1.6905,-1.1008,0.19746
3.1433,3.6522,7.9134,1.9892,1.8636,-0.94981,0.10648
3.1467,3.245,8.6318,0.8637,2.0441,-0.70969,0.057443
3.15,2.0568,8.5238,0.60297,2.0014,-0.51083,0.15296
3.1533,2.4807,7.131,1.0055,1.6593,-0.67593,0.3124
3.1567,4.4727,5.7169,-0.18504,1.2536,-1.2102,0.32091
3.16,7.3714,5.2284,-0.79177,1.0223,-1.7385,0.020221
3.1633,8.6385,3.245,0.13171,0.73915,-2.0196,-0.3201
3.1667,9.2755,1.5994,0.85259,0.44695,-2.1492,-0.36229
3.17,9.344,1.8387,0.33255,0.41432,-2.0757,-0.16362
3.1733,7.4769,3.3817,-0.17184,0.67573,-1.6884,0.0018964
3.1767,4.718,5.5801,-0.049628,1.1255,-1.1768,0.041549
3.18,3.0638,7.3413,0.69968,1.5366,-0.83876,0.12846
3.1833,2.7822,8.2849,1.506,1.8003,-0.72629,0.23557
3.1867,2.0908,8.0019,1.134,1.8955,-0.69194,0.2499
3.19,3.1835,8.9142,0.31523,1.9887,-0.82959,0.1453
3.1933,4.7907,7.8043,-0.37941,1.7501,-1.1485,0.048149
3.1967,6.7946,4.7626,0.11651,1.1145,-1.6136,0.029969
3.2,9.4036,2.7038,0.4221,0.579,-2.038,-0.041634
3.2033,9.3808,2.1497,-0.088667,0.36471,-2.1426,-0.2285
3.2067,8.2002,2.5428,0.16351,0.43044,-1.9398,-0.29502
3.21,6.7509,3.8594,0.34878,0.70505,-1.6889,-0.13676
3.2133,6.1106,5.505,0.33436,1.0517,-1.493,0.063324
3.2167,4.9912,6.1713,1.0775,1.2887,-1.2744,0.090584
3.22,4.4977,6.2055,1.0606,1.4886,-1.1687,0.030827
3.2233,5.0259,7.364,0.92773,1.7667,-1.1483,0.063472
3.2267,3.1255,8.0743,0.79842,1.9756,-0.86496,0.20132
3.23,1.3455,8.6224,1.6706,1.9845,-0.6547,0.31175
3.2333,2.6532,7.7936,1.502,1.6739,-0.90771,0.34716
3.2367,5.3779,5.3402,0.17461,1.1344,-1.402,0.11861
3.24,8.0946,2.4137,-0.96409,0.55406,-1.8568,-0.22774
3.2433,9.9144,0.46041,-1.3345,0.16241,-2.1762,-0.37852
3.2467,10.527,1.1697,-0.46346,0.16124,-2.1792,-0.23598
3.25,8.2195,2.3906,0.85668,0.49799,-1.8168,-0.0021898
3.2533,5.5484,4.8354,1.5053,1.0558,-1.4373,0.1201
3.2567,4.6368,7.9884,0.87253,1.5766,-1.2653,0.062915
3.26,4.3434,8.4532,-0.63813,1.7517,-1.1915,-0.0050363
3.2633,4.8021,7.3476,-0.18254,1.6674,-1.0955,-0.0041747
3.2667,3.9135,6.9434,0.87486,1.7028,-0.88771,0.052011
3.27,2.8201,8.3017,1.9059,1.8967,-0.65061,0.13934
3.2733,2.3463,7.6046,1.2843,1.697,-0.69848,0.31004
3.2767,4.0656,5.6703,0.42757,1.1814,-1.1136,0.38435
3.28,6.4339,4.4374,-0.20508,0.83337,-1.5133,0.057992
3.2833,7.2784,3.0411,-0.41732,0.64188,-1.7167,-0.37922
3.2867,8.6812,2.4192,-0.4766,0.54102,-1.9768,-0.38033
3.29,9.4916,2.6077,-0.96883,0.65753,-2.1318,-0.0076905
3.2933,8.1684,4.307,0.33715,1.0262,-1.9118,0.19157
3.2967,5.306,6.7736,2.5466,1.4707,-1.4122,0.065119
3.3,3.994,8.253,1.4939,1.7563,-1.1314,-0.050232
3.3033,4.3569,7.6085,-0.4749,1.6991,-1.0919,0.069781
3.3067,3.7502,6.9027,-0.82649,1.5802,-0.98803,0.16366
3.31,2.672,8.313,0.79612,1.7222,-0.76267,0.085433
3.3133,2.3662,8.0045,2.6227,1.7008,-0.68431,0.0067682
3.3167,4.0916,5.5054,2.1314,1.2799,-1.0393,0.074705
3.32,7.0758,4.0116,-0.89736,0.90332,-1.5806,0.07633
3.3233,8.0602,3.5527,-1.9727,0.72104,-1.8234,-0.097706
3.3267,6.9346,3.6089,0.18115,0.687,-1.7024,-0.24962
3.33,5.8922,4.4351,1.4983,0.86059,-1.5088,-0.12522
3.3333,5.8863,5.3584,0.66519,1.1152,-1.4089,0.14545
3.3367,4.9994,5.5339,-0.34557,1.1765,-1.2743,0.22657
3.34,4.8113,5.3652,-0.77338,1.2013,-1.2103,0.10545
3.3433,5.4839,6.2507,0.21833,1.294,-1.2264,-0.054295
3.3467,4.3985,6.8884,1.5934,1.4643,-1.1089,-0.089717
3.35,2.9177,7.8418,1.5873,1.7136,-1.0162,0.029281
3.3533,3.8219,8.6613,0.59928,1.778,-1.1932,0.16458
3.3567,4.7997,6.8545,0.21041,1.4655,-1.3824,0.076256
3.36,6.3812,4.4585,0.6036,1.0033,-1.5471,-0.14219
3.3633,8.1982,2.7113,0.75101,0.63418,-1.7611,-0.26328
3.3667,8.5024,1.638,-0.097385,0.44252,-1.7904,-0.11277
3.37,6.8754,2.4508,-0.41297,0.60977,-1.5192,0.057586
3.3733,4.5459,5.3829,-0.32446,1.0987,-1.1747,0.092897
3.3767,3.1444,7.7398,0.27682,1.4906,-0.97433,0.046296
3.38,3.3856,7.7348,0.56152,1.6328,-0.97134,0.030739
3.3833,5.1335,6.7175,0.018055,1.6045,-1.2329,0.096597
3.3867,6.0192,6.8756,-0.041803,1.6155,-1.4653,0.12381
3.39,4.6175,7.5478,1.0843,1.6587,-1.3974,0.070275
3.3933,3.8385,8.1094,1.7794,1.6298,-1.2589,0.017435
3.3967,4.4194,6.989,0.58551,1.3312,-1.2912,0.020133
3.4,5.4983,4.1215,-1.2593,0.88285,-1.4173,0.0070459
3.4033,6.786,2.4302,-1.4053,0.56617,-1.5873,-0.15771
3.4067,8.2004,1.868,-0.33432,0.47549,-1.7821,-0.25635
3.41,7.9158,2.3144,1.3633,0.58091,-1.7353,-0.17443
3.4133,6.5615,3.9074,1.4719,0.95234,-1.5181,-0.045736
3.4167,5.2077,6.2736,-0.41883,1.4078,-1.2682,0.094836
3.42,4.3134,7.8292,-1.5217,1.6203,-1.0989,0.16808
3.4233,4.2214,7.4837,-0.056765,1.5876,-1.1097,0.17197
3.4267,4.9915,7.6687,2.5194,1.6022,-1.2519,0.10657
3.43,5.1931,7.8715,2.5553,1.647,-1.3314,0.0012035
3.4333,5.0223,7.5035,1.2686,1.535,-1.3774,0.0042067
3.4367,5.8871,6.1597,-1.033,1.27,-1.4439,0.039214
3.44,5.9594,5.2598,-1.3293,1.0054,-1.4242,-0.032876
3.4433,5.9016,3.9871,0.28511,0.81058,-1.3666,-0.16057
3.4467,6.4668,3.345,1.1235,0.75023,-1.532,-0.19886
3.45,8.1451,3.0054,0.21878,0.78433,-1.8214,-0.077895
3.4533,8.4184,3.5598,-0.028189,0.83975,-1.8252,0.014337
3.4567,5.8826,3.7829,0.022051,0.93718,-1.3817,-0.01268
3.46,4.0237,5.4432,-0.31263,1.1451,-1.0113,-0.043865
3.4633,4.025,6.7345,-0.65881,1.3634,-0.99028,0.0074331
3.4667,3.9534,6.9528,0.43058,1.5001,-1.0939,0.093179
3.47,4.2483,7.339,2.2566,1.6346,-1.2028,0.13282
3.4733,4.9192,7.7313,2.7387,1.6528,-1.3782,0.1158
3.4767,5.9738,6.9617,0.81417,1.4693,-1.5479,0.14731
3.48,6.453,5.5693,-1.0075,1.2089,-1.5833,0.067837
3.4833,6.8933,5.0033,-0.82911,1.0162,-1.5238,-0.094061
3.4867,5.932,3.6372,0.34885,0.81097,-1.3673,-0.20147
3.49,5.6495,3.3439,1.017,0.69324,-1.297,-0.19584
3.4933,6.0953,3.355,0.36643,0.72362,-1.3483,-0.12448
3.4967,6.3576,3.882,-0.028082,0.86028,-1.4215,-0.0098668
3.5,6.3279,4.6208,-0.17462,1.1402,-1.4187,0.0094098
3.5033,5.6109,6.0513,0.3093,1.3941,-1.3516,0.087282
3.5067,4.5865,6.833,0.57959,1.5113,-1.2227,0.1262
3.51,3.0417,7.4992,0.49572,1.5578,-1.0946,0.050923
3.5133,3.8939,8.1281,-0.042685,1.6007,-1.1418,-0.12412
3.5167,4.2632,6.5861,0.57195,1.3437,-1.2396,-0.12343
3.52,5.6772,4.1698,1.6038,0.95166,-1.3953,0.040849
3.5233,6.812,3.4359,0.1773,0.82231,-1.5627,0.16361
3.5267,7.3188,3.7765,-0.89396,0.87957,-1.6073,0.10277
3.53,6.276,3.8842,-0.085574,0.86727,-1.4945,-0.067796
3.5333,6.0333,3.9212,0.82221,0.89909,-1.4409,-0.20931
3.5367,6.53,4.5504,-0.7048,0.99082,-1.5262,-0.20668
3.54,6.6352,5.0848,-0.71333,1.0837,-1.5784,-0.13201
3.5433,6.7889,5.2219,0.28887,1.1806,-1.6534,-0.018506
3.5467,7.635,5.0327,1.1155,1.1764,-1.8268,0.10021
3.55,7.4564,5.3994,0.78079,1.1486,-1.8502,0.06744
3.5533,5.7531,6.0642,-0.43228,1.2374,-1.5343,-0.055681
3.5567,3.7674,6.884,-0.28366,1.3515,-1.1019,-0.1633
3.56,3.0918,6.6299,1.2071,1.3395,-0.85006,-0.104
3.5633,3.8525,5.7928,1.4736,1.3307,-0.90193,0.065608
3.5667,5.0471,5.3784,-0.022904,1.3556,-1.1231,0.13569
3.57,6.0895,4.8755,-1.5716,1.3089,-1.2865,0.11728
3.5733,6.5757,4.995,-0.83184,1.2215,-1.4032,0.043403
3.5767,5.8998,4.8317,1.3651,1.0407,-1.4146,-0.011591
3.58,5.4516,4.581,1.6278,0.94754,-1.4062,-0.038617
3.5833,6.1545,4.9321,0.16962,0.99013,-1.5436,-0.065393
3.5867,6.8576,5.1519,-0.85844,1.04,-1.656,-0.076142
3.59,6.367,5.5709,-0.39227,1.1419,-1.5811,-0.093081
3.5933,6.0355,5.9104,0.95028,1.2606,-1.5173,0.02571
3.5967,5.5527,6.6511,1.8933,1.4219,-1.434,0.17723
3.6,3.9668,7.863,1.4042,1.7016,-1.1461,0.082424
3.6033,3.1066,8.1834,0.25589,1.8704,-0.89281,-0.08218
3.6067,3.4422,6.7648,0.38001,1.6087,-0.87825,-0.067074
3.61,4.7886,4.3818,0.68296,1.0999,-1.0744,0.028826
3.6133,5.75,2.736,0.45295,0.74208,-1.3151,0.056399
3.6167,7.2011,2.8723,-0.49816,0.69698,-1.61,-0.033102
3.62,7.566,3.5519,0.076343,0.745,-1.7354,-0.062266
3.6233,6.7799,4.3616,1.2149,0.90458,-1.646,-0.018511
3.6267,5.0333,5.8773,1.0472,1.2268,-1.4924,0.00076591
3.63,5.1167,8.3671,-0.16452,1.6319,-1.4731,0.03166
3.6333,5.2686,8.5025,-0.5475,1.7932,-1.4612,0.018121
3.6367,5.1089,7.525,0.42952,1.6886,-1.3574,-0.0036771
3.64,4.6163,5.9461,2.1731,1.3867,-1.1134,0.024309
3.6433,4.2864,4.7879,1.3438,1.0448,-0.94764,0.064643
3.6467,4.6433,3.563,-0.27986,0.71513,-0.97743,0.073628
3.65,4.6738,2.7351,-1.2251,0.50429,-1.0933,-0.054713
3.6533,6.3041,3.1333,-1.0128,0.55631,-1.3785,-0.2873
3.6567,7.4148,2.8699,-0.75887,0.61055,-1.7741,-0.31638
3.66,8.8737,3.6312,0.50028,0.83663,-2.126,-0.1756
3.6633,9.0784,5.5039,0.82814,1.2645,-2.2121,0.017811
3.6667,7.7932,6.6931,0.94109,1.5945,-1.9105,0.1408
3.67,5.1456,7.7241,0.51848,1.7038,-1.3554,0.16618
3.6733,3.09,7.9237,-0.12905,1.7065,-0.82965,0.17548
3.6767,1.5164,7.8884,0.16944,1.6729,-0.47679,0.14858
3.68,0.77417,7.4869,1.4976,1.578,-0.40478,0.13739
3.6833,2.4667,6.5076,1.6902,1.4675,-0.75326,0.16315
3.6867,5.5951,6.0798,-0.12773,1.4004,-1.3443,0.082587
3.69,7.7678,4.6088,-1.9191,1.1542,-1.8721,-0.040859
3.6933,9.305,3.521,-1.1869,0.87757,-2.1653,-0.17307
3.6967,9.6603,2.9311,0.017212,0.72,-2.2303,-0.24432
3.7,8.5999,2.6777,0.64471,0.65726,-2.0441,-0.18377
3.7033,7.6156,4.0235,-0.40615,0.77549,-1.7863,-0.16605
3.7067,5.6191,4.7841,-1.2929,0.91339,-1.3774,-0.1649
3.71,4.2016,5.3683,-1.1436,1.0424,-0.95894,-0.11854
3.7133,3.1954,6.0801,0.36624,1.2316,-0.68972,0.053692
3.7167,2.3482,6.9577,1.0859,1.5882,-0.64894,0.28258
3.72,2.2709,9.2529,0.53954,2.1221,-0.80194,0.37288
3.7233,2.7927,10.809,-0.41414,2.4188,-1.0834,0.29183
3.7267,4.5838,9.815,-0.18381,2.1589,-1.3627,0.10132
3.73,5.3563,5.9628,-0.2243,1.4101,-1.4702,-0.082942
3.7333,6.8098,2.7974,-1.5999,0.7359,-1.5714,-0.16464
3.7367,8.2422,1.6466,-3.5246,0.32149,-1.6938,-0.10367
3.74,7.8803,1.0836,-3.1734,0.18116,-1.5957,-0.004116
3.7433,6.3648,1.4796,-0.87322,0.3129,-1.3829,0.076453
3.7467,5.6096,3.4547,0.1736,0.7105,-1.3603,0.091753
3.75,5.5402,6.408,-0.63876,1.2742,-1.4464,-0.03754
3.7533,5.6339,7.9066,-1.5312,1.6585,-1.4833,-0.19713
3.7567,5.6576,7.2729,-1.3448,1.6984,-1.4782,-0.14532
3.76,5.4238,7.2881,0.82423,1.6575,-1.3419,0.047587
3.7633,4.0999,7.4699,1.5971,1.6079,-1.0686,0.23755
3.7667,3.26,6.8232,0.44633,1.4224,-0.91826,0.27205
3.77,4.3499,5.8998,-1.0634,1.098,-1.0363,0.1616
3.7733,5.222,4.0056,-0.80086,0.77644,-1.1673,-0.13747
3.7767,5.9063,3.126,0.2351,0.69725,-1.3643,-0.34625
3.78,6.9295,3.6145,-0.15126,0.91373,-1.6742,-0.21776
3.7833,8.3512,5.6544,0.22081,1.3094,-1.8911,0.12503
3.7867,7.2309,6.0199,0.31726,1.5532,-1.7898,0.28311
3.79,5.8397,7.1664,0.41201,1.7021,-1.6002,0.17743
3.7933,5.0871,8.604,0.54017,1.783,-1.4141,-0.0615
3.7967,3.3882,7.8866,0.32251,1.6435,-1.1118,-0.1381
3.8,2.3214,7.1098,-0.30673,1.4286,-0.91997,-0.074143
3.8033,2.9504,6.4262,-0.86535,1.245,-0.95668,0.072145
3.8067,4.7435,4.9841,-0.68952,1.0525,-1.1405,0.14278
3.81,5.1599,3.5025,0.35077,0.84722,-1.272,0.034659
3.8133,5.6788,3.6492,0.82284,0.86718,-1.4389,-0.13091
3.8167,6.7022,4.3813,-0.11753,1.0434,-1.6653,-0.15718
3.82,6.9513,4.9633,-1.3793,1.1671,-1.7992,-0.060113
3.8233,7.0753,5.8447,-1.6294,1.3043,-1.7314,-0.0037121
3.8267,6.3464,6.3162,-0.94656,1.3021,-1.5104,-0.0088881
3.83,5.4966,4.8342,0.8242,1.047,-1.2781,0.025951
3.8333,5.4106,4.4256,1.1133,0.90056,-1.2248,0.087388
3.8367,5.1568,5.7977,-0.77365,1.1136,-1.2387,0.043862
3.84,4.2426,7.2625,-0.8061,1.3664,-1.1403,0.031613
3.8433,3.5763,7.6706,0.51753,1.4971,-1.0589,0.078022
3.8467,3.9445,7.2755,1.2268,1.5607,-1.1449,0.10028
3.85,5.206,6.7271,0.28989,1.545,-1.4076,0.0089033
3.8533,6.8872,5.1747,-0.13723,1.3084,-1.7513,-0.063715
3.8567,8.3855,3.5806,-0.23858,0.98666,-1.912,-0.049267
3.86,7.5308,3.3743,-1.0752,0.82807,-1.7182,-0.076993
3.8633,5.6458,3.6351,-0.61263,0.78355,-1.3063,-0.0932
3.8667,4.4621,3.5889,0.018482,0.77189,-1.0903,-0.0080508
3.87,4.7381,4.3474,-0.39381,0.91917,-1.1954,0.063111
3.8733,5.4386,6.3231,0.093176,1.2221,-1.34,0.037036
3.8767,5.2638,6.9389,0.47672,1.5382,-1.388,0.030259
3.88,5.5173,7.7831,0.23744,1.7689,-1.4744,0.13007
3.8833,5.9665,8.7096,-0.4528,1.8944,-1.5071,0.26478
3.8867,4.9796,8.4341,-0.13416,1.8198,-1.3721,0.13895
3.89,4.5539,7.0811,0.70101,1.4522,-1.2585,-0.035333
3.8933,5.2289,4.6175,0.76943,0.94109,-1.2864,-0.15859
3.8967,6.103,2.9296,-0.32508,0.56349,-1.3622,-0.19244
3.9,7.0673,1.9015,-1.9339,0.41518,-1.4964,-0.11545
3.9033,7.7172,2.4118,-2.5414,0.51577,-1.6567,0.028151
3.9067,7.6678,3.353,-0.6894,0.77353,-1.7092,0.05959
3.91,6.0634,4.914,1.5795,1.1406,-1.5944,0.0030828
3.9133,5.3073,7.3078,1.0589,1.6151,-1.5383,-0.089808
3.9167,5.0452,8.5289,-0.83014,1.8915,-1.4452,0.0018315
3.92,4.0597,8.2251,-1.4594,1.8606,-1.1465,0.13216
3.9233,2.7694,7.9191,-0.85095,1.7765,-0.85421,0.20106
3.9267,3.6955,7.5766,0.47432,1.615,-0.88444,0.29791
3.93,4.2726,5.6818,0.25441,1.3079,-1.1108,0.26335
3.9333,5.1515,4.7827,0.31668,1.0454,-1.348,0.016931
3.9367,6.9491,4.9129,-0.99309,0.91191,-1.6297,-0.27396
3.94,7.3308,3.6121,-1.7581,0.65371,-1.7509,-0.40559
3.9433,8.0151,2.3186,-1.4026,0.5183,-1.7994,-0.30645
3.9467,8.4706,2.8538,-0.19122,0.67002,-1.86,-0.11799
3.95,7.8191,4.5177,0.49485,0.94688,-1.7762,-0.0072401
3.9533,5.828,5.9137,0.32845,1.2097,-1.4861,0.07237
3.9567,4.1491,7.1722,-1.2544,1.4845,-1.1532,0.07241
3.96,2.8848,8.4912,-1.1347,1.7349,-0.79982,0.071611
3.9633,1.2604,8.7621,0.31862,1.9169,-0.49844,0.040581
3.9667,1.5657,8.8521,1.2512,1.9086,-0.59516,0.17428
3.97,3.6253,7.2485,0.33934,1.6218,-1.0249,0.3667
3.9733,5.3213,5.9896,-0.17517,1.2701,-1.3927,0.29201
3.9767,6.912,4.7647,-0.91951,1.0362,-1.6723,-0.068302
3.98,8.0815,3.6824,-2.1539,0.82433,-1.9321,-0.34704
3.9833,8.4789,3.0177,-1.7586,0.63682,-1.9629,-0.37757
3.9867,7.4112,2.8006,-0.93483,0.59982,-1.754,-0.19224
3.99,6.6501,3.7442,-0.45515,0.72387,-1.5817,-0.0025603
3.9933,6.3449,4.3866,-0.81989,0.88642,-1.4957,0.10732
3.9967,5.7571,5.1813,-0.6277,1.0848,-1.3995,0.033296
4,5.333,6.6402,-0.31221,1.4211,-1.2825,-0.035938
4.0033,4.4104,7.8843,0.41895,1.7465,-1.0965,0.016478
4.0067,3.0902,9.5536,0.63271,2.0416,-0.90293,0.12812
4.01,1.8825,9.7284,1.123,2.1192,-0.72866,0.19675
4.0133,3.0446,8.4342,1.0106,1.8736,-0.86168,0.22854
4.0167,5.8296,6.4017,-0.27034,1.3946,-1.3426,0.18631
4.02,7.4031,3.9267,-0.99512,0.9611,-1.7118,0.082263
4.0233,8.4298,3.724,-1.1351,0.7893,-1.9318,-0.12096
4.0267,8.6438,2.8941,-0.68298,0.64614,-1.9568,-0.13819
4.03,7.602,3.1695,-0.50958,0.65673,-1.7856,-0.10466
4.0333,6.1458,4.3237,-0.88243,0.93077,-1.4861,-0.13939
4.0367,5.2323,5.5186,-0.50646,1.1573,-1.3065,-0.091389
4.04,5.374,5.4657,0.63577,1.1532,-1.2814,0.10449
4.0433,4.8843,5.9552,0.09627,1.3134,-1.2648,0.20307
4.0467,4.4067,7.5363,-0.345,1.7509,-1.1033,0.14232
4.05,2.8166,9.3545,0.20588,2.0448,-0.8774,0.02277
4.0533,2.6321,7.5437,2.1214,1.78,-0.83945,0.087514
4.0567,4.698,5.6903,1.2553,1.3014,-1.2129,0.12452
4.06,6.6115,4.5525,-0.88439,0.90571,-1.5576,-0.070622
4.0633,7.0963,3.3759,-1.6569,0.61952,-1.6273,-0.27711
4.0667,7.8283,2.5589,-0.36183,0.4301,-1.6142,-0.23672
4.07,7.8611,2.1816,-0.12977,0.44888,-1.6576,0.048883
4.0733,7.3157,3.5292,-0.76639,0.77083,-1.6209,0.19978
4.0767,5.8742,5.9277,-0.80511,1.2631,-1.4832,-0.023465
4.08,5.0404,7.4452,0.015175,1.589,-1.3751,-0.21348
4.0833,4.92,7.787,0.954,1.7373,-1.288,-0.15352
4.0867,4.0444,7.7733,0.68178,1.819,-1.1186,0.12599
4.09,3.3995,7.9572,0.11636,1.8483,-0.93197,0.39426
4.0933,3.159,7.8413,-0.40722,1.5789,-0.88104,0.36521
4.0967,3.9322,5.0106,-0.51718,0.99029,-0.99749,0.087739
4.1,5.861,1.8705,-0.33054,0.39738,-1.3159,-0.27601
4.1033,7.4498,1.1287,-0.96453,0.18306,-1.6574,-0.53855
4.1067,7.896,2.1506,-1.7599,0.38116,-1.7696,-0.42232
4.11,7.0252,2.7943,-1.4516,0.68793,-1.6748,-0.050385
4.1133,6.4586,4.6606,-0.04668,1.0503,-1.5772,0.25652
4.1167,6.214,6.4261,0.83549,1.4229,-1.4232,0.25808
4.12,4.3094,6.9418,-0.4071,1.5997,-1.1956,0.027224
4.1233,4.6578,7.4606,-1.2572,1.6682,-1.103,-0.10481
4.1267,3.7928,7.7729,-0.088813,1.6384,-0.94379,-0.094325
4.13,2.4896,7.52,1.0984,1.5434,-0.72586,-0.048973
4.1333,2.8097,6.4455,1.4088,1.3683,-0.8419,0.13247
4.1367,5.9759,5.8115,-0.30229,1.2001,-1.398,0.26302
4.14,7.6698,5.0127,-1.66,1.0432,-1.7635,0.11185
4.1433,7.0152,3.6789,-0.70224,0.90327,-1.749,-0.23211
4.1467,7.71,4.2722,-0.27392,0.92292,-1.8425,-0.33838
4.15,8.1809,3.8181,-0.54837,0.91289,-1.8728,-0.15841
4.1533,6.4596,3.6742,-0.63979,0.9849,-1.5494,-0.030886
4.1567,4.9626,5.1272,-0.31466,1.1912,-1.181,0.0024992
4.16,4.3248,6.3037,-0.24799,1.323,-0.97645,0.11406
4.1633,3.6514,6.1366,0.16115,1.3095,-0.89256,0.23617
4.1667,3.2807,6.6085,0.61151,1.4351,-0.90326,0.23962
4.17,3.346,8.722,1.4686,1.7834,-1.0174,0.05038
4.1733,3.5079,8.9737,1.3973,1.9131,-1.1322,-0.071321
4.1767,4.8618,7.5946,0.67783,1.6928,-1.4031,-0.0093502
4.18,6.7465,5.6062,-0.91452,1.299,-1.6423,0.06055
4.1833,7.0223,4.1446,-1.1485,0.86245,-1.6245,0.010971
4.1867,6.4154,2.5269,0.10842,0.59114,-1.4744,-0.11258
4.19,6.6321,3.0614,-0.26732,0.58711,-1.5005,-0.13779
4.1933,6.9062,3.4738,0.28794,0.70903,-1.523,-0.041671
4.1967,6.1062,3.9802,0.034559,0.82823,-1.4543,-0.044555
4.2,6.1314,4.4808,-1.0728,1.0021,-1.4113,-0.10584
4.2033,5.9154,5.7846,-1.1026,1.216,-1.3652,-0.16671
4.2067,4.8789,6.7095,0.55482,1.3983,-1.2085,-0.092641
4.21,3.2006,7.6576,0.98704,1.6374,-1.0296,0.15073
4.2133,2.9707,9.4729,0.91687,1.8655,-0.94117,0.34051
4.2167,2.4335,8.5078,0.30208,1.7669,-0.86338,0.31699
4.22,3.4837,6.1075,0.21113,1.3869,-0.93281,0.11118
4.2233,5.4229,4.611,-0.20753,1.0477,-1.195,-0.1922
4.2267,6.6238,3.886,-0.91642,0.84076,-1.4298,-0.30089
4.23,6.8916,3.4104,-0.21255,0.74705,-1.5703,-0.12366
4.2333,6.8435,3.5732,-0.44733,0.7538,-1.6517,0.1497
4.2367,7.025,4.7822,-0.84236,0.90525,-1.6119,0.19256
4.24,5.5652,5.0601,0.069022,1.0731,-1.404,-0.045073
4.2433,5.4249,5.5791,0.091625,1.2005,-1.3465,-0.263
4.2467,5.9185,6.0888,0.34756,1.2795,-1.4202,-0.22149
4.25,4.8966,6.1216,1.1173,1.3719,-1.2534,0.0090704
4.2533,2.6251,7.729,1.1334,1.648,-0.82383,0.19803
4.2567,1.7627,8.7886,0.68192,1.8162,-0.63169,0.31646
4.26,3.3977,7.7273,-0.056018,1.5838,-0.92094,0.37931
4.2633,5.4586,5.2518,0.46807,1.1646,-1.3369,0.15803
4.2667,6.7914,3.9989,0.57242,0.91692,-1.6359,-0.20238
4.27,7.6292,3.5906,0.32608,0.84345,-1.7623,-0.40262
4.2733,7.2532,3.2673,-0.57646,0.7722,-1.6995,-0.28698
4.2767,7.0318,3.3736,-0.57402,0.80191,-1.507,-0.036989
4.28,5.6365,4.1588,-0.63234,0.93511,-1.3329,0.13896
4.2833,5.051,5.4162,0.77103,1.1267,-1.2617,0.16594
4.2867,4.457,6.4155,1.5946,1.3813,-1.2115,0.068814
4.29,3.7928,7.4657,1.4939,1.6078,-1.096,-0.068016
4.2933,3.2645,8.1138,0.35897,1.7584,-0.90708,-0.094171
4.2967,2.6892,8.2168,-0.3235,1.7447,-0.79206,-0.0062542
4.3,3.4011,6.9481,-0.36448,1.4906,-0.90907,0.13886
4.3033,4.7595,5.4194,0.64025,1.1268,-1.1667,0.19253
4.3067,5.9664,4.2712,0.76018,0.87913,-1.392,0.047203
4.31,6.6012,3.6542,-0.33762,0.78799,-1.5822,-0.10157
4.3133,7.1891,3.926,-1.5471,0.81672,-1.7135,-0.14489
4.3167,7.1311,4.2366,-0.80359,0.88924,-1.7159,-0.07874
4.32,6.693,4.5946,0.76751,1.0515,-1.6296,-0.036451
4.3233,6.0374,6.1254,1.2051,1.2796,-1.5696,-0.081142
4.3267,5.9679,6.831,0.59095,1.4231,-1.4884,-0.020067
4.33,4.7782,6.8334,-0.56533,1.3915,-1.2722,0.12321
4.3333,3.4388,6.9011,0.38834,1.3818,-0.92889,0.17567
4.3367,2.5377,7.4581,0.9827,1.4446,-0.72324,0.12399
4.34,3.0394,6.7637,0.85764,1.4165,-0.84635,-0.04141
4.3433,5.0088,5.4441,0.16109,1.25,-1.2767,-0.17723
4.3467,7.9042,4.5767,-0.45561,1.0996,-1.7628,-0.14726
4.35,7.9102,4.6486,-0.75139,1.0149,-1.9012,-0.074063
4.3533,6.5642,4.4501,-0.088212,0.97243,-1.6804,0.08724
4.3567,6.0861,4.9414,-0.33434,1.0377,-1.5175,0.18544
4.36,6.0872,5.5004,-0.49793,1.0898,-1.4184,0.084251
4.3633,5.0822,4.6299,-0.7377,1.0084,-1.2457,-0.10121
4.3667,4.9591,5.2447,0.017978,1.0496,-1.1685,-0.17862
4.37,5.2274,5.6287,0.12146,1.1917,-1.2149,-0.03086
4.3733,4.6594,6.4699,1.0639,1.457,-1.1943,0.17912
4.3767,4.4365,8.3649,0.57826,1.7992,-1.226,0.27396
4.38,4.8063,8.4581,0.25368,1.8534,-1.3103,0.27999
4.3833,5.019,7.3292,0.054409,1.5428,-1.3673,0.064974
4.3867,5.6416,5.2162,0.77431,1.1134,-1.4086,-0.19295
4.39,6.4897,3.6018,0.19479,0.82804,-1.49,-0.36104
4.3933,6.9331,2.6061,-0.97121,0.58009,-1.5718,-0.2401
4.3967,7.0931,2.2695,-0.56473,0.46213,-1.5294,0.055144
4.4,6.4118,3.2844,-0.42486,0.6217,-1.4019,0.15372
4.4033,5.616,4.3603,-0.5791,0.89277,-1.3303,0.097971
4.4067,5.2959,5.8015,-0.02301,1.2015,-1.3524,-0.013582
4.41,5.258,6.924,0.65278,1.4862,-1.4246,-0.081907
4.4133,5.168,8.0027,1.0855,1.7471,-1.3813,-0.032381
4.4167,4.0726,8.6693,1.0811,1.8423,-1.1643,0.027575
4.42,3.1643,7.9223,0.67159,1.686,-0.99762,0.14404
4.4233,3.9984,6.1221,-0.45538,1.3549,-1.0616,0.25086
4.4267,5.4113,4.9726,-0.97668,1.0057,-1.2724,0.20307
4.43,6.4311,3.578,0.23595,0.79974,-1.4603,-0.031364
4.4333,5.9714,2.9957,0.74706,0.77813,-1.5497,-0.32452
4.4367,7.0929,4.057,0.20912,0.90437,-1.6898,-0.37736
4.44,7.0867,3.6073,-0.74909,0.86319,-1.6874,-0.10216
4.4433,6.4619,3.706,-0.81391,0.91007,-1.5099,0.10677
4.4467,5.4136,4.9471,0.069293,1.1615,-1.3235,0.17053
4.45,4.7249,7.0489,0.29812,1.5347,-1.2393,0.10455
4.4533,3.626,8.1252,1.228,1.7195,-1.0869,0.10342
4.4567,2.3683,7.9648,1.0849,1.7201,-0.85604,0.15535
4.46,2.0385,8.4829,0.29172,1.6989,-0.6891,0.10323
4.4633,2.2467,7.2837,-0.58884,1.4915,-0.6981,0.037379
4.4667,4.3441,5.5262,0.047902,1.157,-1.0029,0.024415
4.47,6.6766,3.803,-0.17533,0.79623,-1.4871,0.077722
4.4733,7.8036,2.629,-0.25126,0.55089,-1.7617,0.079825
4.4767,7.4949,3.0686,-0.04318,0.57689,-1.715,-0.0806
4.48,6.9876,3.6822,-1.1192,0.6972,-1.5989,-0.22837
4.4833,6.5973,4.3838,-1.4202,0.86949,-1.485,-0.27858
4.4867,6.1467,4.9102,-0.86297,1.0383,-1.4505,-0.17135
4.49,6.0773,5.5063,1.1922,1.1586,-1.4629,0.081186
4.4933,5.5736,5.9615,1.8429,1.3113,-1.3795,0.28342
4.4967,4.2705,7.2693,0.16467,1.6224,-1.1398,0.2512
4.5,2.9154,9.5133,0.071475,1.9239,-0.90115,0.063225
4.5033,2.1365,8.3441,0.92161,1.8536,-0.84643,0.012368
4.5067,3.8023,7.3912,2.2895,1.6295,-1.1346,0.062679
4.51,6.1183,6.4178,1.0521,1.4372,-1.5275,0.0050274
4.5133,6.6372,4.9884,-0.030923,1.1496,-1.631,-0.096529
4.5167,6.9972,3.6784,-0.65341,0.90561,-1.5656,-0.14852
4.52,6.7903,3.1357,-0.32145,0.675,-1.4801,7.779e-05
4.5233,5.8796,3.5385,-0.031427,0.66607,-1.2791,0.093955
4.5267,4.0465,4.4759,-0.08762,0.90843,-1.0733,-0.035025
4.53,4.7745,6.4985,0.70182,1.2665,-1.1563,-0.16054
4.5333,5.3555,6.3788,1.6066,1.3941,-1.3201,-0.10681
4.5367,5.563,6.1603,1.0452,1.4889,-1.384,0.050884
4.54,5.1013,8.2608,-0.43276,1.7723,-1.2638,0.17284
4.5433,2.7671,9.3977,0.2132,1.8542,-0.96248,0.22963
4.5467,2.0469,8.2441,1.9624,1.6613,-0.76657,0.18728
4.55,3.3071,5.9506,1.718,1.2994,-0.96761,0.042435
4.5533,6.2044,4.5611,-0.19828,0.98943,-1.3649,-0.15392
4.5567,7.031,2.927,-1.7589,0.76097,-1.5459,-0.23432
4.56,7.3339,3.1919,-0.75799,0.77,-1.5778,-0.12658
4.5633,6.6303,4.6427,1.9451,0.9333,-1.5314,0.12763
4.5667,5.6708,5.2691,1.4815,1.1821,-1.4523,0.21758
4.57,5.4397,7.1464,-0.035616,1.503,-1.4855,0.048305
4.5733,6.3167,7.2592,-1.3142,1.5472,-1.5722,-0.096377
4.5767,6.0177,6.4166,0.9169,1.2919,-1.4366,-0.15489
4.58,4.3905,4.8438,2.4914,1.115,-1.0901,-0.077147
4.5833,3.3178,6.3499,1.3305,1.3124,-0.85318,0.056705
4.5867,2.8777,7.8489,-0.074413,1.5471,-0.76233,0.15056
4.59,2.9739,7.2668,-0.42706,1.5034,-0.8417,0.21065
4.5933,4.4153,6.1097,0.58099,1.3559,-1.1047,0.11967
4.5967,6.2493,5.332,1.7653,1.2377,-1.5014,-0.027552
4.6,8.0475,4.8147,0.60238,1.2196,-1.8362,-0.054655
4.6033,8.4382,4.9813,-0.8459,1.2277,-1.9739,-0.017418
4.6067,8.1997,5.0552,-0.86887,1.128,-1.8593,0.064685
4.61,6.0536,4.9086,0.38216,1.0088,-1.438,-0.01666
4.6133,4.3014,5.026,1.3284,0.96764,-1.1364,-0.094556
4.6167,5.056,5.6548,0.58784,1.0685,-1.2099,0.021529
4.62,5.467,6.0828,-0.23548,1.255,-1.2842,0.13759
4.6233,4.232,6.3617,0.33944,1.5075,-1.1327,0.11161
4.6267,3.2328,8.1824,2.0763,1.8262,-0.94472,0.0051825
4.63,3.5251,8.412,2.3,1.8955,-0.97871,-0.011085
4.6333,4.6524,6.9014,0.71717,1.6697,-1.244,0.086013
4.6367,6.5615,5.8735,-0.48347,1.3849,-1.5272,0.14341
4.64,6.8082,4.7699,0.15508,1.0858,-1.493,0.060122
4.6433,5.4885,3.5017,1.328,0.78734,-1.2621,-0.0922
4.6467,5.8529,3.0357,1.5198,0.60183,-1.2531,-0.08112
4.65,6.202,3.4551,0.35602,0.6603,-1.3876,-0.05524
4.6533,5.9183,5.2263,-1.789,1.0115,-1.4666,-0.1528
4.6567,5.6274,6.7027,-0.2421,1.4194,-1.4477,-0.15717
4.66,5.4691,7.9267,2.5056,1.721,-1.4159,0.013185
4.6633,4.5296,8.1171,2.94,1.9142,-1.3253,0.2676
4.6667,3.9717,9.2695,0.80299,2.1425,-1.1981,0.33663
4.67,3.8174,10.231,-0.79883,2.1574,-1.0925,0.19244
4.6733,3.6421,7.5336,-0.66868,1.638,-0.98082,0.045458
4.6767,4.9948,3.9967,0.18235,0.92941,-1.1166,-0.045269
4.68,7.176,2.5841,-0.064299,0.508,-1.4836,-0.12168
4.6833,8.1271,2.0586,-0.29953,0.41693,-1.7537,-0.13383
4.6867,8.4712,2.5557,-0.23144,0.57024,-1.9203,-0.075714
4.69,8.8307,4.2189,1.2665,0.85348,-1.9819,0.012836
4.6933,7.0493,5.5681,1.4091,1.1449,-1.7804,0.0047525
4.6967,5.4118,7.1666,-0.043286,1.4588,-1.5112,-0.097812
4.7,5.5221,7.7773,-0.2833,1.6051,-1.356,-0.040948
4.7033,4.525,7.5028,1.4939,1.6591,-1.0927,0.095272
4.7067,1.9374,8.1484,3.1932,1.8764,-0.64305,0.12472
4.71,0.88917,9.2172,2.9229,2.1004,-0.45436,0.22314
4.7133,2.5199,8.8985,0.88576,1.9507,-0.73131,0.40398
4.7167,4.327,6.5395,-0.67029,1.4538,-1.1192,0.34254
4.72,5.9818,4.3269,-0.1707,1.0275,-1.4391,-0.044616
4.7233,7.7213,3.4377,0.83722,0.76466,-1.7944,-0.37659
4.7267,8.7682,2.1114,0.86997,0.54386,-2.0075,-0.28794
4.73,8.5073,2.9529,0.19126,0.61825,-1.975,-0.020031
4.7333,6.9813,4.6082,-0.88869,0.88076,-1.7205,0.094466
4.7367,5.737,6.2655,-0.50224,1.095,-1.466,0.060763
4.74,5.3036,6.4598,0.85088,1.199,-1.2898,-0.038816
4.7433,4.5704,6.4113,0.67702,1.3827,-1.2029,-0.024774
4.7467,4.5457,7.9674,1.3184,1.7224,-1.088,0.047914
4.75,2.7984,9.2155,1.984,2.0041,-0.83077,0.10987
4.7533,1.7174,8.7481,2.1019,2.0109,-0.69307,0.24266
4.7567,3.7684,7.6459,0.62521,1.6734,-0.98777,0.30948
4.76,6.3261,4.9265,-1.4059,1.1062,-1.4811,0.16677
4.7633,8.4986,2.7683,-1.333,0.59817,-1.8879,-0.14909
4.7667,8.7875,0.94198,-0.30213,0.24582,-2.0403,-0.361
4.77,9.1396,1.8855,0.56313,0.27827,-2.0181,-0.27936
4.7733,7.1167,2.8663,-0.19658,0.54482,-1.6647,-0.15874
4.7767,4.8449,4.5253,-0.28305,0.90071,-1.3361,-0.12106
4.78,5.2969,6.3787,0.12575,1.2271,-1.3288,-0.052751
4.7833,5.5278,6.6412,0.63454,1.3563,-1.4616,0.06952
4.7867,5.9697,6.764,0.73628,1.5354,-1.4597,0.21281
4.79,4.2581,8.4166,1.1819,1.9658,-1.1163,0.15783
4.7933,1.9718,10.214,0.9338,2.2783,-0.6599,0.04905
4.7967,1.8359,8.6949,1.3129,1.923,-0.56549,0.097299
4.8,3.8963,5.611,1.1796,1.2643,-0.93849,0.072167
4.8033,6.7967,4.6053,0.035064,0.89152,-1.462,-0.091853
4.8067,7.7529,3.8054,-0.74136,0.75143,-1.746,-0.23047
4.81,8.5635,3.6601,-0.39742,0.66933,-1.935,-0.07348
4.8133,8.6287,3.4242,0.62574,0.72737,-1.9739,0.20538
4.8167,6.5515,5.0332,1.0942,1.0826,-1.7175,0.055368
4.82,5.3702,7.9861,0.96446,1.5939,-1.5351,-0.32248
4.8233,5.2094,8.0011,0.16577,1.6714,-1.4921,-0.38935
4.8267,5.1391,6.7704,-0.14558,1.4385,-1.3652,-0.084445
4.83,3.7805,6.001,0.06269,1.4218,-0.93055,0.29601
4.8333,1.4545,7.4506,0.50693,1.6502,-0.47707,0.4309
4.8367,1.3908,7.6848,0.80016,1.6716,-0.51058,0.39026
4.84,4.4161,5.7347,1.0321,1.3386,-1.1022,0.26468
4.8433,7.2845,4.0165,0.16332,0.96526,-1.715,-0.15865
4.8467,8.7545,3.0102,-1.0972,0.7028,-2.0404,-0.51355
4.85,9.382,2.4373,-0.92102,0.57388,-2.1139,-0.43667
4.8533,8.656,3.63,-0.69901,0.66704,-2.0138,-0.069124
4.8567,6.9619,4.7673,0.72466,0.92376,-1.7296,0.26936
4.86,5.9956,6.4744,1.2206,1.2483,-1.5507,0.26038
4.8633,5.9956,6.7319,0.28138,1.2923,-1.5036,0.072028
4.8667,5.6416,6.0333,-1.0404,1.2258,-1.3449,-0.1762
4.87,4.1462,6.112,-1.0593,1.325,-1.0256,-0.3076
4.8733,2.9774,7.3953,0.31709,1.6248,-0.75995,-0.15563
4.8767,2.1845,7.864,1.9827,1.7792,-0.71253,0.2305
4.88,3.7772,7.621,0.29315,1.7201,-1.0111,0.5086
4.8833,5.366,5.8126,-1.1898,1.3571,-1.344,0.38201
4.8867,6.6071,3.7971,-0.99467,0.93002,-1.5661,-0.084682
4.89,7.336,2.9004,0.34356,0.74154,-1.6992,-0.45195
4.8933,7.9121,3.2262,-0.26824,0.84107,-1.8556,-0.40207
4.8967,7.6798,4.5697,-0.97018,1.0831,-1.8532,-0.085399
4.9,6.3951,5.9218,-0.99182,1.3152,-1.6335,0.16307
4.9033,5.4956,6.828,0.63101,1.434,-1.3515,0.18196
4.9067,4.1159,6.8022,1.8122,1.4679,-1.1503,0.06245
4.91,4.5236,7.4219,1.3971,1.642,-1.1884,-0.013742
4.9133,4.6636,8.5995,0.12293,1.9096,-1.2176,-0.019376
4.9167,3.4544,9.0317,0.61366,2.0183,-1.0493,-0.04545
4.92,3.2237,8.0945,1.8318,1.7726,-0.96916,-0.059576
4.9233,4.993,5.5672,0.76195,1.2539,-1.2665,-0.052143
4.9267,7.3902,3.0101,-0.95043,0.67347,-1.6875,-0.072957
4.93,8.4773,1.9926,-0.31884,0.40183,-1.813,-0.13081
4.9333,7.0709,2.2894,1.0061,0.47662,-1.6511,-0.15676
4.9367,5.802,4.1584,0.29779,0.81975,-1.4229,-0.084737
4.94,4.4653,5.5863,-1.154,1.1917,-1.2064,-0.026464
4.9433,4.027,7.0176,-1.3041,1.4851,-1.1035,-0.074819
4.9467,3.6472,7.8275,-0.074064,1.6278,-1.1033,-0.088733
4.95,4.1653,7.5438,1.6629,1.671,-1.1805,0.1153
4.9533,4.0311,7.8221,2.1963,1.7967,-1.2168,0.33057
4.9567,3.4106,8.692,0.48624,1.9164,-1.109,0.38938
4.96,3.6329,7.6959,-0.90476,1.639,-1.0251,0.21616
4.9633,4.6293,4.5227,-1.3623,1.0044,-1.1472,-0.10136
4.9667,6.2331,2.5362,-0.2309,0.50555,-1.4074,-0.40422
4.97,7.4268,2.2475,0.71651,0.39627,-1.7039,-0.46512
4.9733,8.5035,2.7284,0.06555,0.55018,-2.002,-0.16686
4.9767,8.6719,3.8088,-0.37486,0.80635,-2.0441,0.21748
4.98,6.8988,5.1494,0.06876,1.1053,-1.6879,0.23556
4.9833,4.8043,6.5584,0.016271,1.427,-1.2708,-0.058573
4.9867,4.2963,7.7725,-0.20493,1.627,-1.1533,-0.27074
4.99,4.3429,8.1584,0.45666,1.7332,-1.1963,-0.14441
4.9933,3.6467,8.2577,1.3031,1.8097,-1.0387,0.14934
4.9967,1.7781,8.6962,0.76565,1.8285,-0.75088,0.39745
